-- --------------------------------------------------------
-- Host:                         127.0.0.1
-- Server version:               5.7.19 - MySQL Community Server (GPL)
-- Server OS:                    Win64
-- HeidiSQL Version:             9.4.0.5125
-- --------------------------------------------------------

/*!40101 SET @OLD_CHARACTER_SET_CLIENT=@@CHARACTER_SET_CLIENT */;
/*!40101 SET NAMES utf8 */;
/*!50503 SET NAMES utf8mb4 */;
/*!40014 SET @OLD_FOREIGN_KEY_CHECKS=@@FOREIGN_KEY_CHECKS, FOREIGN_KEY_CHECKS=0 */;
/*!40101 SET @OLD_SQL_MODE=@@SQL_MODE, SQL_MODE='NO_AUTO_VALUE_ON_ZERO' */;

-- Dumping structure for table garage.articleattributes
CREATE TABLE IF NOT EXISTS `articleattributes` (
  `attrValueId` int(11) NOT NULL AUTO_INCREMENT,
  `attrBlockNo` int(11) DEFAULT NULL,
  `attrId` int(11) NOT NULL,
  `attrIsConditional` tinyint(1) DEFAULT NULL,
  `attrIsInterval` tinyint(1) DEFAULT NULL,
  `attrIsLinked` tinyint(1) DEFAULT NULL,
  `attrName` longtext,
  `attrShortName` longtext,
  `attrType` longtext,
  `attrUnit` longtext,
  `attrValue` longtext,
  `articleId` int(11) NOT NULL,
  PRIMARY KEY (`attrValueId`)
) ENGINE=InnoDB AUTO_INCREMENT=2100709935 DEFAULT CHARSET=latin1;

-- Dumping data for table garage.articleattributes: ~25 rows (approximately)
/*!40000 ALTER TABLE `articleattributes` DISABLE KEYS */;
INSERT INTO `articleattributes` (`attrValueId`, `attrBlockNo`, `attrId`, `attrIsConditional`, `attrIsInterval`, `attrIsLinked`, `attrName`, `attrShortName`, `attrType`, `attrUnit`, `attrValue`, `articleId`) VALUES
	(1, 77, 77, 1, 1, 1, 'jjj', 'jjj', 'jjj', 'jj', '55', 444),
	(5, 1235, 7, 0, 0, 1, 'ssss', 'ssss', 'sss', 'sss', '555', 666),
	(7, 65, 65, 1, 1, 1, 'dsd', 'hhh', 'jj', 'j', 'j', 999),
	(44, 44, 4, 1, 1, 1, '14', '44', '44', '44', '44', 100),
	(55, 44, 5555, 1, 1, 1, '14', '44', '44', '44', '44', 100),
	(35923957, 0, 431, 0, 0, 0, '0', 'Longueurcoque', 'N', 'mm', '410', 391136),
	(148324779, 0, 500, 0, 0, 0, '0', 'Nbredetrous', 'N', '', '4', 1259652),
	(189046776, 0, 331, 0, 0, 0, '0', 'Haut.tamb.fr.int.', 'N', 'mm', '46', 1245444),
	(328676918, 0, 709, 0, 0, 0, '0', 'Pist.decyl.Ø', 'N', 'mm', '22,2', 1342378),
	(425433242, 0, 328, 0, 0, 0, '0', 'Épaisseurmin.', 'N', 'mm', '18,5', 1259652),
	(452747308, 0, 332, 0, 0, 0, '0', 'Haut.glob.tamb.fr.', 'N', 'mm', '80', 1245444),
	(478103818, 0, 209, 0, 0, 0, '0', 'Hauteur', 'N', 'mm', '34,3', 1259652),
	(735531030, 0, 274, 0, 0, 0, '0', 'Epaisseurdudisquedefrein', 'N', 'mm', '20,4', 1259652),
	(846644260, 0, 232, 0, 0, 0, '0', 'Typededisquedefrein', 'K', '', 'ventilé', 1259652),
	(1038771787, 0, 500, 0, 0, 0, '0', 'Nbredetrous', 'N', '', '4', 1245444),
	(1191711516, 0, 272, 0, 0, 0, '0', 'TambourØ', 'A', '', '180', 1245444),
	(1480266494, 0, 6, 0, 0, 0, '0', 'Volt', 'N', 'V', '14,4', 1855782),
	(1632458329, 0, 329, 0, 0, 0, '0', 'Diamètredutamb.fr.extérieur', 'N', 'mm', '212', 1245444),
	(1651046247, 0, 560, 0, 0, 0, '0', 'Cercledepercage-Ø', 'N', 'mm', '108', 1245444),
	(1651146247, 0, 560, 0, 0, 0, '0', 'Cercledepercage-Ø', 'N', 'mm', '108', 1259652),
	(1957780442, 0, 813, 0, 0, 0, '0', 'Ødumoyeuderoue', 'N', 'mm', '66', 1259652),
	(1971873123, 0, 200, 0, 0, 0, '0', 'Ø', 'N', 'mm', '247,4', 1259652),
	(2007404151, 0, 751, 0, 0, 0, '0', 'Tensionnominale', 'N', 'V', '14', 1855782),
	(2100709933, 0, 1239, 0, 0, 0, '0', 'Intervalledechangementrecommandé', 'N', 'km', '160000', 391136),
	(2100709934, 0, 1239, 0, 0, 0, '0', 'Intervalledechangementrecommandé', 'N', 'km', '160000', 390483);
/*!40000 ALTER TABLE `articleattributes` ENABLE KEYS */;

-- Dumping structure for table garage.articleorigins
CREATE TABLE IF NOT EXISTS `articleorigins` (
  `oeNumber` varchar(128) CHARACTER SET utf8 NOT NULL,
  `articleID` int(11) NOT NULL,
  PRIMARY KEY (`oeNumber`,`articleID`)
) ENGINE=InnoDB DEFAULT CHARSET=latin1;

-- Dumping data for table garage.articleorigins: ~3 rows (approximately)
/*!40000 ALTER TABLE `articleorigins` DISABLE KEYS */;
INSERT INTO `articleorigins` (`oeNumber`, `articleID`) VALUES
	('2', 1),
	('2', 3),
	('2', 5);
/*!40000 ALTER TABLE `articleorigins` ENABLE KEYS */;

-- Dumping structure for table garage.articles
CREATE TABLE IF NOT EXISTS `articles` (
  `articleId` int(11) NOT NULL AUTO_INCREMENT,
  `articleName` longtext,
  `articleNo` longtext,
  `articleState` int(11) DEFAULT NULL,
  `articleStateName` longtext,
  `brandNo` int(11) DEFAULT NULL,
  `genericArticleId` int(11) DEFAULT NULL,
  `packingUnit` longtext,
  `Date_Dev` datetime DEFAULT NULL,
  `articleNo2` longtext,
  `ArticleNAV` longtext,
  PRIMARY KEY (`articleId`)
) ENGINE=InnoDB AUTO_INCREMENT=12223 DEFAULT CHARSET=latin1;

-- Dumping data for table garage.articles: ~23 rows (approximately)
/*!40000 ALTER TABLE `articles` DISABLE KEYS */;
INSERT INTO `articles` (`articleId`, `articleName`, `articleNo`, `articleState`, `articleStateName`, `brandNo`, `genericArticleId`, `packingUnit`, `Date_Dev`, `articleNo2`, `ArticleNAV`) VALUES
	(1, 'mmmm ', '12 ', 1, '5j ', 22, 54, 'll ', '2018-05-05 00:00:00', '12 ', '0'),
	(2, '4 ', '4 ', 4, '4 ', 4, 4, '4 ', '2018-02-04 00:00:00', '4 ', '1'),
	(3, 'article FF', 'g ', 2, '2 ', 55, 55, '01 ', '2019-12-12 00:00:00', 'hjh ', '1 '),
	(5, 'article DD', '1290', 5, '5 ', 5, 5, '5 ', '2018-02-05 00:00:00', '5 ', '0'),
	(10, 'bo ', '1290', 1, '7 ', 8, 2, '1 ', '2018-08-08 00:00:00', '10 ', '1 '),
	(14, 'gla ', '223', 12, 'sd ', 12, 2, 'f ', '2010-10-10 00:00:00', 'ds ', '1 '),
	(44, 'hh ', 'h ', 5, 'h ', 5, 5, 'h ', '2012-12-12 00:00:00', 'h ', '0'),
	(66, '2 ', '2 ', 2, '2 ', 2, 2, '2 ', '2018-02-02 00:00:00', '2 ', '0'),
	(77, '777 ', '777 ', 77, '77 ', 7, 7, '7 ', '2012-12-12 00:00:00', '77 ', '0'),
	(88, 'hhh ', '44 ', 4, '5 ', 5, 5, '52 ', '2012-12-12 00:00:00', '4 ', '0'),
	(99, '9 ', '9 ', 9, '9 ', 9, 9, '9 ', '2012-12-12 00:00:00', '99 ', '0'),
	(107, 'dfsg ', '41 ', 15, '14 ', 4, 2, '102 ', '2019-12-02 00:00:00', '55 ', '0'),
	(122, 'gh ', '555 ', 12, '14 ', 14, 120, '12 ', '2019-12-12 00:00:00', '147 ', '0'),
	(123, '4 ', '4 ', 4, '4 ', 4, 4, '4 ', '2002-02-02 00:00:00', '4 ', '0'),
	(140, '44 ', '4 ', 4, '4 ', 4, 4, '4 ', '2012-12-12 00:00:00', '14 ', '1'),
	(219, 'hfk ', '22 ', 2, '2 ', 2, 2, '2 ', '2019-11-12 00:00:00', '1 ', '0'),
	(235, '4 ', '4 ', 4, '4 ', 4, 4, '4 ', '2012-12-12 00:00:00', 'hh ', '0'),
	(444, '4 ', '4 ', 4, '4 ', 4, 4, '4 ', '2002-02-02 00:00:00', '4 ', '1'),
	(666, '6 ', '6 ', 6, '6 ', 6, 6, '6 ', '2012-12-12 00:00:00', '46 ', '1'),
	(999, '9 ', '9 ', 9, '9 ', 9, 9, '9 ', '2012-12-12 00:00:00', '99 ', '1'),
	(1111, 'article CC', '14 ', 47, 'dsqa ', 17, 103, '17 ', '2012-12-12 00:00:00', 'jhg ', '1'),
	(1478, 'abs ', 'ab14 ', 1, 'dd ', 1, 4, '44 ', '2021-11-11 00:00:00', '12 ', '1'),
	(12222, '4 ', '5 ', 5, '5 ', 55, 5, '5 ', '2002-02-02 00:00:00', '5 ', '1');
/*!40000 ALTER TABLE `articles` ENABLE KEYS */;

-- Dumping structure for table garage.brands
CREATE TABLE IF NOT EXISTS `brands` (
  `brandNo` int(11) NOT NULL AUTO_INCREMENT,
  `brandName` longtext,
  `NAVbrandName` longtext,
  `BrandConfiance` int(11) DEFAULT NULL,
  `Note` int(11) DEFAULT NULL,
  PRIMARY KEY (`brandNo`)
) ENGINE=InnoDB AUTO_INCREMENT=4 DEFAULT CHARSET=latin1;

-- Dumping data for table garage.brands: ~3 rows (approximately)
/*!40000 ALTER TABLE `brands` DISABLE KEYS */;
INSERT INTO `brands` (`brandNo`, `brandName`, `NAVbrandName`, `BrandConfiance`, `Note`) VALUES
	(1, 'lpr ', 'lpr ', 14, 12),
	(2, 'febi ', 'febi ', 12, 12),
	(3, 'sdf', 'qsd', 11, 22);
/*!40000 ALTER TABLE `brands` ENABLE KEYS */;

-- Dumping structure for table garage.details
CREATE TABLE IF NOT EXISTS `details` (
  `carId` varchar(128) CHARACTER SET utf8 NOT NULL,
  `CC` longtext,
  `kwFrom` longtext,
  `kwTo` longtext,
  `HpFrom` longtext,
  `HpTo` longtext,
  `AnneeDe` longtext,
  `AnneeA` longtext,
  `Carrosserie` longtext,
  `valves` int(11) DEFAULT NULL,
  `cylinder` int(11) DEFAULT NULL,
  `CodeMoteur` longtext,
  `TypeCarburant` longtext,
  `CarburantProcess` longtext,
  `Date_Dev` datetime DEFAULT NULL,
  `Date_Dev2` datetime DEFAULT NULL,
  PRIMARY KEY (`carId`)
) ENGINE=InnoDB DEFAULT CHARSET=latin1;

-- Dumping data for table garage.details: ~2 rows (approximately)
/*!40000 ALTER TABLE `details` DISABLE KEYS */;
INSERT INTO `details` (`carId`, `CC`, `kwFrom`, `kwTo`, `HpFrom`, `HpTo`, `AnneeDe`, `AnneeA`, `Carrosserie`, `valves`, `cylinder`, `CodeMoteur`, `TypeCarburant`, `CarburantProcess`, `Date_Dev`, `Date_Dev2`) VALUES
	('9464', '2461', '103', '103', '140', '140', '199901', '200607', 'Saloon', 2, 6, 'D 5252 T', 'Diesel', 'Direct Injection', '2018-12-09 00:00:00', '1900-01-01 00:00:00'),
	('9465', '1124', '44', '44', '60', '60', '199809', '0', 'Hatchback', 2, 4, 'TU1AE5', 'Petrol', 'Intake Manifold Injection/ Carburettor', '2018-11-15 00:00:00', '1900-01-01 00:00:00');
/*!40000 ALTER TABLE `details` ENABLE KEYS */;

-- Dumping structure for table garage.getarticleidswithstates
CREATE TABLE IF NOT EXISTS `getarticleidswithstates` (
  `carID` varchar(128) CHARACTER SET utf8 NOT NULL,
  `articleID` int(11) NOT NULL,
  `SortNo` int(11) NOT NULL,
  PRIMARY KEY (`carID`,`articleID`)
) ENGINE=InnoDB DEFAULT CHARSET=latin1;

-- Dumping data for table garage.getarticleidswithstates: ~6 rows (approximately)
/*!40000 ALTER TABLE `getarticleidswithstates` DISABLE KEYS */;
INSERT INTO `getarticleidswithstates` (`carID`, `articleID`, `SortNo`) VALUES
	('9464', 3, 0),
	('9464', 5, 1),
	('9465', 1, 1),
	('9465', 5, 1),
	('9465', 10, 1),
	('9465', 219, 1);
/*!40000 ALTER TABLE `getarticleidswithstates` ENABLE KEYS */;

-- Dumping structure for table garage.images
CREATE TABLE IF NOT EXISTS `images` (
  `docId` int(10) unsigned NOT NULL AUTO_INCREMENT,
  `docFileName` longtext,
  `docTypeId` int(11) DEFAULT NULL,
  `docTypeName` longtext,
  `articleId` int(11) NOT NULL,
  PRIMARY KEY (`docId`),
  UNIQUE KEY `docId` (`docId`)
) ENGINE=InnoDB AUTO_INCREMENT=7 DEFAULT CHARSET=latin1;

-- Dumping data for table garage.images: ~6 rows (approximately)
/*!40000 ALTER TABLE `images` DISABLE KEYS */;
INSERT INTO `images` (`docId`, `docFileName`, `docTypeId`, `docTypeName`, `articleId`) VALUES
	(1, '5th TSYP.jpg', 98935, 'image/jpeg', 12222),
	(2, '11156383_987538734592113_5638855149761058826_n.jpg', 156629, 'image/jpeg', 12222),
	(3, '42292607_699061023806365_6771191713680588800_n.jpg', 36760, 'image/jpeg', 12222),
	(4, '1.jpg', 58056, 'image/jpeg', 12222),
	(5, 'aazee.jpg', 129712, 'image/jpeg', 12222),
	(6, '51672252_247451122859044_5696881416399224832_n.png', 345963, 'image/png', 3);
/*!40000 ALTER TABLE `images` ENABLE KEYS */;

-- Dumping structure for table garage.logs
CREATE TABLE IF NOT EXISTS `logs` (
  `idLog` int(11) NOT NULL AUTO_INCREMENT,
  `tableName` longtext,
  `operation` longtext,
  `userName` longtext,
  `dateTime` datetime NOT NULL,
  `clePrimU` longtext,
  `clePrimD` longtext,
  `clePrimT` longtext,
  `ancienneValeur` longtext,
  `nouvelleValeur` longtext,
  `champs` longtext,
  PRIMARY KEY (`idLog`)
) ENGINE=InnoDB DEFAULT CHARSET=latin1;

-- Dumping data for table garage.logs: ~0 rows (approximately)
/*!40000 ALTER TABLE `logs` DISABLE KEYS */;
/*!40000 ALTER TABLE `logs` ENABLE KEYS */;

-- Dumping structure for table garage.manufacters
CREATE TABLE IF NOT EXISTS `manufacters` (
  `manuID` varchar(128) CHARACTER SET utf8 NOT NULL,
  `manuName` longtext,
  PRIMARY KEY (`manuID`)
) ENGINE=InnoDB DEFAULT CHARSET=latin1;

-- Dumping data for table garage.manufacters: ~4 rows (approximately)
/*!40000 ALTER TABLE `manufacters` DISABLE KEYS */;
INSERT INTO `manufacters` (`manuID`, `manuName`) VALUES
	('1', 'mercedes benz'),
	('2', 'kia'),
	('3', 'tata'),
	('8', 'ford');
/*!40000 ALTER TABLE `manufacters` ENABLE KEYS */;

-- Dumping structure for table garage.models
CREATE TABLE IF NOT EXISTS `models` (
  `ModelId` varchar(128) CHARACTER SET utf8 NOT NULL,
  `manuId` longtext,
  `modelName` longtext,
  PRIMARY KEY (`ModelId`)
) ENGINE=InnoDB DEFAULT CHARSET=latin1;

-- Dumping data for table garage.models: ~4 rows (approximately)
/*!40000 ALTER TABLE `models` DISABLE KEYS */;
INSERT INTO `models` (`ModelId`, `manuId`, `modelName`) VALUES
	('11', '1', '190D'),
	('12', '1', 'c180'),
	('456', '1', '250D'),
	('555', '2', 'rio');
/*!40000 ALTER TABLE `models` ENABLE KEYS */;

-- Dumping structure for table garage.originesoens
CREATE TABLE IF NOT EXISTS `originesoens` (
  `oeNumber` varchar(128) CHARACTER SET utf8 NOT NULL,
  `blockNumber` int(11) DEFAULT NULL,
  `brandName` longtext,
  `sortNumber` int(11) DEFAULT NULL,
  `articleId` int(11) NOT NULL,
  `SearchoeNumber` longtext,
  PRIMARY KEY (`oeNumber`)
) ENGINE=InnoDB DEFAULT CHARSET=latin1;

-- Dumping data for table garage.originesoens: ~2 rows (approximately)
/*!40000 ALTER TABLE `originesoens` DISABLE KEYS */;
INSERT INTO `originesoens` (`oeNumber`, `blockNumber`, `brandName`, `sortNumber`, `articleId`, `SearchoeNumber`) VALUES
	('1', 3, 'bmw', 123, 123, '1221'),
	('2', 4, 'ccc', 123, 123, '1221');
/*!40000 ALTER TABLE `originesoens` ENABLE KEYS */;

-- Dumping structure for table garage.parcars
CREATE TABLE IF NOT EXISTS `parcars` (
  `idParc` int(11) NOT NULL AUTO_INCREMENT,
  `Serie` longtext,
  `P` longtext,
  `PROP` longtext,
  `VEHIC_TYPE` longtext,
  `No1` longtext,
  `FABR` longtext,
  `COL7` longtext,
  `CV` longtext,
  `Poids` longtext,
  `NB_places` longtext,
  `D1` longtext,
  `D2` longtext,
  `S1` longtext,
  `S2` longtext,
  `S3` longtext,
  `JJ1` int(11) DEFAULT NULL,
  `MM1` int(11) DEFAULT NULL,
  `AA1` int(11) DEFAULT NULL,
  `JJ2` int(11) DEFAULT NULL,
  `MM2` int(11) DEFAULT NULL,
  `AA` int(11) DEFAULT NULL,
  `Poids_net` decimal(18,2) DEFAULT NULL,
  `Racine_série` longtext,
  `Série1` int(11) DEFAULT NULL,
  `Série2` int(11) DEFAULT NULL,
  `Date1` datetime DEFAULT NULL,
  `Date2` datetime DEFAULT NULL,
  `Info_Développement_1` longtext,
  `Info_Développement_2` longtext,
  `Type_carrosserie` longtext,
  `Projet` longtext,
  `Projet2` longtext,
  `Année_d_émission` longtext,
  `Energie` longtext,
  `AlerteVin` tinyint(3) unsigned DEFAULT NULL,
  `VDS` longtext,
  `ID_FABR` longtext,
  `Cylindré` longtext,
  `Sequence` int(11) DEFAULT NULL,
  `EntryVin` int(11) NOT NULL,
  PRIMARY KEY (`idParc`)
) ENGINE=InnoDB AUTO_INCREMENT=2 DEFAULT CHARSET=latin1;

-- Dumping data for table garage.parcars: ~1 rows (approximately)
/*!40000 ALTER TABLE `parcars` DISABLE KEYS */;
INSERT INTO `parcars` (`idParc`, `Serie`, `P`, `PROP`, `VEHIC_TYPE`, `No1`, `FABR`, `COL7`, `CV`, `Poids`, `NB_places`, `D1`, `D2`, `S1`, `S2`, `S3`, `JJ1`, `MM1`, `AA1`, `JJ2`, `MM2`, `AA`, `Poids_net`, `Racine_série`, `Série1`, `Série2`, `Date1`, `Date2`, `Info_Développement_1`, `Info_Développement_2`, `Type_carrosserie`, `Projet`, `Projet2`, `Année_d_émission`, `Energie`, `AlerteVin`, `VDS`, `ID_FABR`, `Cylindré`, `Sequence`, `EntryVin`) VALUES
	(1, 'serie1', 'aa', 'zz', 'aaa', 'aaa', 'aaa', 'aa', 'aa', '5454', '54', '45', '54', '54', '54', '54', 54, 54, 54, 54, 54, 54, 54.00, '54', 544, 54, '2019-06-03 16:51:08', '2019-06-03 16:51:11', '54', '211', '2121', '2112', '21', '21', '21', 21, '12', '12', '21', 1, 1882863);
/*!40000 ALTER TABLE `parcars` ENABLE KEYS */;

-- Dumping structure for table garage.users
CREATE TABLE IF NOT EXISTS `users` (
  `Id` int(11) NOT NULL AUTO_INCREMENT,
  `login` longtext,
  `role` longtext,
  `password` longtext,
  PRIMARY KEY (`Id`)
) ENGINE=InnoDB AUTO_INCREMENT=3 DEFAULT CHARSET=latin1;

-- Dumping data for table garage.users: ~2 rows (approximately)
/*!40000 ALTER TABLE `users` DISABLE KEYS */;
INSERT INTO `users` (`Id`, `login`, `role`, `password`) VALUES
	(1, 'hakim', 'admin', '123'),
	(2, 'youssef', 'employe', '456');
/*!40000 ALTER TABLE `users` ENABLE KEYS */;

-- Dumping structure for table garage.vehicles
CREATE TABLE IF NOT EXISTS `vehicles` (
  `EntryVin` int(11) NOT NULL AUTO_INCREMENT,
  `VIN` longtext,
  `manuId` longtext,
  `modelId` longtext,
  `carId` longtext,
  `vehicleTypeDescription` longtext,
  `carName` longtext,
  `Load_Type` int(11) DEFAULT NULL,
  PRIMARY KEY (`EntryVin`)
) ENGINE=InnoDB AUTO_INCREMENT=511616117 DEFAULT CHARSET=latin1;

-- Dumping data for table garage.vehicles: ~4 rows (approximately)
/*!40000 ALTER TABLE `vehicles` DISABLE KEYS */;
INSERT INTO `vehicles` (`EntryVin`, `VIN`, `manuId`, `modelId`, `carId`, `vehicleTypeDescription`, `carName`, `Load_Type`) VALUES
	(65565, 'VF32AHFXU47788824', '1', '456', '9465', 'qsdsqd', 'BMW3', 656),
	(656565, '21212121', '1', '11', '9465', 'hlshj', 'hh', 1),
	(1882863, 'VF32AHFXU47788823', '88', '12', '9464', '1.1 i', 'PEUGE 206 Hatchback (2A/C) 1.1 i', 0),
	(511616116, '51561616', '1', '11', '9464', 'hlshj', 'hh', 1);
/*!40000 ALTER TABLE `vehicles` ENABLE KEYS */;

-- Dumping structure for table garage.__migrationhistory
CREATE TABLE IF NOT EXISTS `__migrationhistory` (
  `MigrationId` varchar(150) CHARACTER SET utf8 NOT NULL,
  `ContextKey` varchar(300) CHARACTER SET utf8 NOT NULL,
  `Model` longblob NOT NULL,
  `ProductVersion` varchar(32) CHARACTER SET utf8 NOT NULL,
  PRIMARY KEY (`MigrationId`)
) ENGINE=InnoDB DEFAULT CHARSET=latin1;

-- Dumping data for table garage.__migrationhistory: ~12 rows (approximately)
/*!40000 ALTER TABLE `__migrationhistory` DISABLE KEYS */;
INSERT INTO `__migrationhistory` (`MigrationId`, `ContextKey`, `Model`, `ProductVersion`) VALUES
	('201905301927263_IntialDb', 'demm.Migrations.Configuration', _binary 0x1F8B0800000000000400CD57D96EE336147D2FD07F20F89C11B3A0681BC833489DA4083A4E825166FA4C8BD70E512E2A49A5F6B7CD433FA9BFD04BADB664274E30280A038644DEE5DCC3BB50FF7CFD3BFDB0D28A3C81F3D29A093D498E2901935B21CD7242CBB078F713FDF0FEFBEFD22BA157E44B2B7716E550D3F8097D0CA13867CCE78FA0B94FB4CC9DF5761192DC6AC68565A7C7C73FB39313066882A22D42D24FA5095243F582AF536B722842C9D5CC0A50BE59C79DACB24A6EB9065FF01C265480D6492D46C985921C2164A0169470636CE001019E7FF6900567CD322B7081AB87750128B7E0CA4303FCBC173F3486E3D31803EB155B5379E983D5AF347872D690C286EA6FA29676A4216D57486F58C7A82BEA90A1500A308192A1AFF3A972516E8BD8A4113F2271F1A83B774C8FF83B22D35285D2C1C440191C5747E4BE9C2B99FF06EB07FB0798892995DA048490706F6B0197EE9D2DC085F5275834306F04256C5B8F0D153BB50D9D3A821B13CE4E29B945E77CAEA03BEF8D68B3601DFC0A061C0F20EE7908E04CB401156323EF035FF1BFF58609864542C98CAF3E825986C709C5474AAEE50A44BBD220F86C24D6142A0557C24B4EEEB9F77F5927BEB1A394F55931CE152CC1C025F2D280F81DE61745115761B52B6DB0C29ACCF18DB3ED986AAB1984362867459907ACD91E455DB849979BBBD076B8FA9EC0EAA6D0360FB6A77BA4335E1448DC463769564856B792E9BBECF5A5A66B1B2CF73B2AAE43DB79C27CE34B18ECA26B447A2D9D0F973CF0398F4737157A24B67D0A7B186E7D0D881E565BCF7BAB109F6BA51DB53FD4EFE9BBC688344A54C14107A36F3223CDAA9173C5DD8ED29D5A556AB3AFFC9FD3AE8B7153BF5E39DC425F699B56FAD5B1A5940D4818B2CC46340FDAD9F0D89ECBF9A148E7BDCBFD418EA74DBEBD3C464709588B5082143D4911936FB6CEFE5449DC4FAAC7A9925599B612336EE4027CA85B3EFD21F9713090FF3FC391792FD46113F23F9F5A3272FAE25C1A0DB5C30795C27B50DDC57B236F994387D979DD9819F7C1E7C748372BF64F913A91B1A7CD2D22AF61369BFECD33665C5729DBBCC4A697E0E5B23711AFB406F298B0BDD156E6C62C6CCB3586B689A815191CC50C0217C8D0850B72C1F380DB39785F5D0BBE7055A2C8959E83B831776528CA70E13DE8B9DABACFA4EC79FFD520DDC69CDE15F1CD7F8B1010A6C410E0CEFC524A253ADCD7E374DE6722264B5323880AAF45686EB9EE2CDD5A73A0A186BE4B28C0C4BC78005D2834E6EF4CC69FE02DD8F03EF411963C5FB7DD71BF91970F629BF6F452F2A5E3DA37367AFDF861C6E297D9FB7F01B220F2C8CB0D0000, '6.2.0-61023'),
	('201905310733013_IntialDb', 'demm.Migrations.Configuration', _binary 0x1F8B0800000000000400DD5DC972DB4812BD4FC4FC038367B7684931D13D0EAA3B28D29A965B0B43A0D53127050896288CB1B0B1A8AD4FF237CC610EFEA0F985A9C25A1B80CA0250524CF86021ABF2652D59596B32FFFBEFFFCC7FF9EA7B936714C56E189C4D8F8FDE4F272870C29D1BECCFA669F2F8C34FD35F7EFEEB5FE61F77FED7C97D99EF94E4C39C417C367D4A92C387D92C769E906FC747BEEB44611C3E26474EE8CFEC5D383B79FFFEEFB3E3E319C210538C3599CCEFD220717D947DE0CF651838E890A4B6771DEE901717749C6265A8931BDB47F1C176D0D974877CFF28CF369D2C3CD7C645B090F7389DD841102676820BF8E1738CAC240A83BD75C004DBDBBC1C10CEF7687B312A0AFEA1CEAE5A87F727A40EB39AB18472D238097D20E0F169D128339E5DAB69A755A3E166FB889B377921B5CE9AEE6CBA8812D7F1106E325ED887A517918C4CCB1E95F9DF4D08F55DD5F35841C8BF779365EA256984CE02942691EDBD9BACD3ADE73ABFA1974DF805056741EA79749170A1701A43C0A475141E5094BCDCA1C7A2A0762EF872379DCC58F619CF5F718BAC79852E83E4F4643AB9C145B1B71EAAFA9FAABC958411FA070A50642768B7B6930445B8FB2E77286B41A1107291E4A3148AF50E8F9DE9E4DAFE7A85827DF27436C57F4E2717EE57B42B2945413E072E1E6A98298952A42A2B3425C9C26D84B8B6546734D226DBC80E76758B2815724F7ADB75160DDAD2CE8C6DD0175C155CC864F4CAAD702B3EACD07329887C6F5C5F5D514E462F62D188378BFB8145CD67B50953316C8B04CBDDA609D8C2D58CE64D1D167D6F7BA99EB1A3998D993B2CF4DC0B9D2FC02147F8BACBA98011E395C2CE2555B1BD12EE3C0C3D64076AFC58368A9E3599AFDCE00BDA69B09A991FB020EB298C1263D2880823828C98DB6A44999A5F612342D9229E933951D50A66998D5BBE6ADA865A3DF97C3FA2C5CB059A1850780E35272CEB766C4B1F5D1BEFBC40B6FC266C5D142AABE90A25B6EB294FD74576E3AAEAD891CEF45CB03576E3F1C94F4ADD089C2497CBD155E7CB9F1751E81B10B3197FA3F3EBC1485D7E3D18A8CB2208105A8D6F3A32398BD1C52CED280AE318EFD4C6AF125E0F3E938D03C00A3A2F9E1BEC5004625AE2125D63F39946A35789C0E326DCA6D8D08FBF74AA2461BA83E2787481BA5BE392EFA49D517912DBA3A43A47887F7793A7E2CC446D4E9373BFCA14B7E25BAEF5704EC8AD3621AECC4F8854894D8BB6C8566C68BBAFAC9997BEBD573F0CC9731BD7BC5DE8E82CAE0A36D31D8AC55EB8860E7BB12C2201783A5970993C8E1E69137B15EE5575176735AEB8EE2E2B2054710B36539BD784E01A5106F2515C5D8D2C29C54B423323B05A19F02B05A0D9C083641DB9FEE7D14B5C086A9BEA0615B419DFC6048E8BF07EE3DEF64C2C9A83307D469E674A9CF364FB87A1D7CACA16F6DA0ED247DB49C81E46CDD0D61CC6ED2D2E5BAAB3EA2CF94C2F1588DC11AC947AE7921E53EE57F29FF12ECDA4EAACFE2AC6D7E8D456B9C398059FD4EF3595E73672F76E80E2DB8F37AA2A44B11857A410DDA4FE969831A826D59CA655699B5DA232C29516F8E66E0862B27B8517506B5720D93B233B729E14FA67D481B05EDC2D1777AA6320CFFD0A5B91356E2B9DBD48CE676A33621939CA5D8F2FE1EE767C21F71F7FBD5C3E6CFEB9FE38FEBD63786C40C6F84F912E16E777E31F74DF5EFD38BE90A11F534994387477E39FD2DF9C3F1C3CDB4106EE03C6D7E1D5F82A6C8D5F0BCB402D4E4717F1E9D3316855727D0DCBBF58C0F27FFA74022C0F2CFF6201CA9E8DEE870055177F2BE4B83E79F4B68EF05FC5537FBCB0B51C9BCCF59D8077B68357F70FF1F76F26E6702B1303EB819C07D6AAE444AF9202B941ECB83D14992E83C7F061F5FDDB33F2C2C301F978C5F430FE5897491D7FF813F807C7E0ED3DFEFC171AFF8E3B1763E04975107CFF861E760FDFBFF96E1C9B3853FF88D7F47B033DB5F0F007BA77AB1A9DBF24DD4BE19535FE48593D98593E66AF46A2EFDFC6B7A1E88F14B53FED53DE067F8ED5CF88495EE35B609D534493CFE6BD70EF8E3F8A0F761CFF1946431F502AABC93D7A22473FAA9A526437AE2CB8DCD14B6683A02A53739A529CFBCB9BF18F9B0D9E6A1B90D3F5F076A01783B9F212292B143B917B3072F98D2B67E4F0F72AB4770F4486F6F4B10C83C4C67B86A840FC1D6D178703A1A2AF89C444E079A3B012715144B68039AA85927229919F334F2775217237E0A3DAD375A604417B8E3581D1793A500BEF0B01A9A07770578FE205FE2AA503A1E945A200D894B103BF7C5726E095091DFCD903188159F69A86E7A42FAC05003AB10B27BF1B1521727A07377339266030A91D48E5ED8200522674F0E7CB32813B2777F05673B5C05EA5C8C67A35AAABB4F92CF7D02F08F359832BFFFCDA3E1CB0B1A25CFB0BCAC4CAFDFA973F5870BF773FC79839B1C4FDBD2A6D2509CFC65849B9D4FC5DF6851BC509DECFDB5B9B98CBE5CE17B2B136ACA1814B59AC99E2972575B397F9CB777B72377C1EA06EBE0B5C23B2B3CF2A87AA62501EFF02EB84FCAC82EDD951F3DDDD32F4523F10C8FC13E14EAC7CB692A0E50970BC508E26B892296015F64E0227B584AA888D55A652D5912B87371AB0C17DAE0D47747AA701C5547564C6239E066512D4F1EAA7FD34584DD5D0999306A5114E08DBD06857771A8DA68B68F319374E794B30134C01B72BE12D0BC4EE50EB969E16A81949DD14B56134F621EDE6CE7462B3F37C175EE5C1CEE35509303C59D1E0A5E27CDB054036198A5DFBBD8BC0751A14B574881731CB1418A2C47656541812E508CFC3514930CC7C43C4C3E5541892682C6B2A0CA97058978E0C0D5B099AFB5FC9B6E53B295D7B26E556B0610D7C63CFDBD4832F1109A8C3AC87390DC7A6A823F26EE434269F062867C8AFCB72CA9BD1C0722FAEAB830DFC0A5AD8C8D9D496C57118DD98528FF6360CE2544E03906F75EED25F9C46286910944DC8636C4023A9F4F5A6314A1A04852F474E01AC234B3F6D6611591281380B09CC02D4B7F4452DD3C974823A5EE94A4D4395347594DABB9A51DC8A0AA81FE572CD548FA2ABA391E14C7955D3805C12A80738DF69AE1BB8D4D7D849516ED33228E93EEA956C73C3B1A6AEA9568353B0DCAA406D867C251A7289DF763306E50C2D5BE481B04AEF661AA8A4BD196528CEA4753B5FCEAED0D94D8C4D8D593834D36D29758DEEC0A8BD9339A43A0184475A4552AE920CC69296AD4EF8BFDCAD909B0D5DFD93F02A289F94ABA9250B8F64BA15A5BECD6D18949B318D4391D5B1C847E1484C63516475ACDA559886AAA900FDADDEF931CADBF0FAAF0DA97606662C79450523F173424505236DA4481BD0B8E4FC7599C1C9A5A9A3F26EB9342A9F06A875E17DCBD4B9A0BD19EB415D6BEA1A916608055BD2C6DCD4B0A5CF2DDDB072FFDD2E1471F0D6D4B7D345D9B5B176EFC8B8553A46CED7D49A95CF2CDD980D1EB89D7DBB93F42D0CA5F67065806AF29BE95DFA425FB78F5B30147ABA95BB711AAD3C279959B4C153B60D89F154658E20E984D739D0A47D5469309A3EEEA2B27177C4F9AF32BB242EEDCDE87AF1EE4457CDE5EC0A1ADEC4D8BC66CD3D57D945ABCC0BB6BD8B84332F0B7ADAB566F9D720DECC8F9461CF28EA08B493288D43D321A7EEC7FCA1FB318CFF84E707DDAFE70FF069809C023849CB9C3399D3B38C0240E0EEF697D23BFDC61ECD9D2A992ECD498056AC5D2699B6ACC980533BAE4357A0FE5CF1877DA0DEB438D91648B6C5C9B660B24F39EE530877E65B48B3670475FECCD79059665D83F833DF43E6507F01E2CF7C11D9F2835A2FF34D64CB0F7B27C3DF4980EE2328D745611CE564752CCE6B91C6E39200BA55FA26320A5612A138BC9A9744D8C93C3FCC73120C4372B20F2A478387238DD990A59F8C936E19A07A88DE8BFC250F9B0AD0ECC24D9151EB8206453991C1C046A9C4CB90BB4914D2D5D12B87421AB222024A593B0C3285ABC980D512F1236496498400D0BED24790D1B792085863D43E80CC52A32643D6B0A5971FBB8C2DA96F666B913D4AD7DD58C89815B61572B6C6EEE5B67DB0FD5EE1E147031424C843DAD27F8F7D455B52DF4C67962E02BAFDD9C0AFD0A58D9CCD86A874D9632D91DC05B00D2973C563CCC7A5E0E2D1C63FE0C99900033FC71BE25950930F1CF3F4A3210FA8A4E269514554C7A15CDA68248A6C787C093E357C964A7A41A9BE2B9F9AC29FA53B66A6E0E0926721BF07123EBB3BE2DC72FD62FDE11D91F4A3ECCFA5E722F290A5CC716D07EE238A93DCF976FAB7A31FB9E89B6F2712E62C8E77CCD9784B384CB6BF8C47A8744913773A09EBFDE67D3E4272395E18EC73CFCB1A4B2BE6644F2026A46456797D9821EAC7C593D228515334490D28496C49DD7AF1F131C85575925D5553BF00F45E5B1B4EFA964F8C1BA986D4232CA4CE481F3840E338A35D8CC9A833B098088D1C40BFF88CDB30F4B48A23046BD447622337EAE20C625165511AFB80D16EFA7D7086303B4208C59ED305442381F11135CCC150510B473103C22F03EB36BD2C0EA12E963CCCA08679A2830E76B28343106AE8C2106101836772116C47E20F4E6B47FDD3ED2836A89F3ECAA6F742910DC9A78FD2BF245C40BD5E308BBE28927078BA506CB43B8DC1C8C7BED3801023E1E9D686F3BBE8DDCAD238766F6B192E04B1D381ED1BE24ED3669A8D3337988515C2C80D86CC46891B781724F3433017996DB03692045ED31D91425C350DE32589B2F616D7B9821F80B9D066A3AC70856866BA8D4E3E986065BA407C2C326DA5E4428D75DB73ADC063BAC5E3E38AF5C4D9F41E34D2A860BA68F2A05FDA7564627A0D6CCE9B5EE39B8CA1359851E743640DDD56E20379B371A9066DA81A56573185A85203B777E33375D3419C066B77498C268DC5C2606729624026FDFB937E27BDF2E04C03EB93EC51B8C98048A32C61AC21F6EFEBDE005404235D0C314091F679631D7F481FA2F78514FDF3EFDAA7075470206D0CE08598A477E9D03EDA2DCA47EED13E01E9DDB9ABDE7D6BF52E83D5BF0CA77D11A898371A869F8A80A3C14DC5C3D1E0A6A2E36895BC0F771D3947835988A3B3EB8CA30313208DABA3AD626CD81C8DFA724174341098903AC39D76F63AE914215BC3F1E8367F6BB49D3EA7DBB2603ADA9303132BA71F4AFF47208D916E7411B94036DA05E3E3D4A4891BBC680C072A768DB65AB1A169B4D7157CE4196D2BC3059619EE36567CAF6D22FACB28EB7C26E08B6E4BF3F15C06DE6049DF529B0EA1324AEB535153B44F4B863B73E90FC33C1AD0BEF56D8D58D2A368439C6D08F1467A5A153EFA88F803FF6C71AA67DAE50450C510A9A508E145F237D4784DB225D7777941C70E3ED22273B818253221595237B242FC1219BAB1E02632E1F2BCDD85E98C842213D63F4A8A0C152774632AC74F9149A8D31504B5075891C2672E0C9DC880E02B322954866E599DE1596412F2B46EF0D6D82D326092D20DAB10D645065E24C67213AB10F445744499CFEED280ECD4F22F3CE5B8FB1A628E3103E49019A8062DF3908D54393FE0AAD1252AB3F04704D87CE09DA14D863151D2E2F54E161B2B7B8E8A171EFE16ED2E83DB3439A4C9026FA6FCADC7845F9BCFDAE567916DD832CF6FB339341EA20AB8982ED9DCDE06E7A9EBEDAA725F481E0034409049AE5845E1525909594DED5F2AA49B3050042A9A6F850E28206BB00DF20F1E3189B781653F239DB261F5BD427BDB795917EE44CD20DD1DC136FB7CE5DAFBC8F6E302A3E6C79F588777FED79FFF07A3CCB76EE9A80000, '6.2.0-61023'),
	('201905310839417_v1', 'demm.Migrations.Configuration', _binary 0x1F8B0800000000000400DD5DC972DB4812BD4FC4FC038367B7684931D13D0EAA3B28D29A965B0B43A0D53127050896288CB1B0B1A8AD4FF237CC610EFEA0F985A9C25A1B80CA0250524CF86021ABF2652D59596B32FFFBEFFFCC7FF9EA7B936714C56E189C4D8F8FDE4F272870C29D1BECCFA669F2F8C34FD35F7EFEEB5FE61F77FED7C97D99EF94E4C39C417C367D4A92C387D92C769E906FC747BEEB44611C3E26474EE8CFEC5D383B79FFFEEFB3E3E319C210538C3599CCEFD220717D947DE0CF651838E890A4B6771DEE901717749C6265A8931BDB47F1C176D0D974877CFF28CF369D2C3CD7C645B090F7389DD841102676820BF8E1738CAC240A83BD75C004DBDBBC1C10CEF7687B312A0AFEA1CEAE5A87F727A40EB39AB18472D238097D20E0F169D128339E5DAB69A755A3E166FB889B377921B5CE9AEE6CBA8812D7F1106E325ED887A517918C4CCB1E95F9DF4D08F55DD5F35841C8BF779365EA256984CE02942691EDBD9BACD3ADE73ABFA1974DF805056741EA79749170A1701A43C0A475141E5094BCDCA1C7A2A0762EF872379DCC58F619CF5F718BAC79852E83E4F4643AB9C145B1B71EAAFA9FAABC958411FA070A50642768B7B6930445B8FB2E77286B41A1107291E4A3148AF50E8F9DE9E4DAFE7A85827DF27436C57F4E2717EE57B42B2945413E072E1E6A98298952A42A2B3425C9C26D84B8B6546734D226DBC80E76758B2815724F7ADB75160DDAD2CE8C6DD0175C155CC864F4CAAD702B3EACD07329887C6F5C5F5D514E462F62D188378BFB8145CD67B50953316C8B04CBDDA609D8C2D58CE64D1D167D6F7BA99EB1A3998D993B2CF4DC0B9D2FC02147F8BACBA98011E395C2CE2555B1BD12EE3C0C3D64076AFC58368A9E3599AFDCE00BDA69B09A991FB020EB298C1263D2880823828C98DB6A44999A5F612342D9229E933951D50A66998D5BBE6ADA865A3DF97C3FA2C5CB059A1850780E35272CEB766C4B1F5D1BEFBC40B6FC266C5D142AABE90A25B6EB294FD74576E3AAEAD891CEF45CB03576E3F1C94F4ADD089C2497CBD155E7CB9F1751E81B10B3197FA3F3EBC1485D7E3D18A8CB2208105A8D6F3A32398BD1C52CED280AE318EFD4C6AF125E0F3E938D03C00A3A2F9E1BEC5004625AE2125D63F39946A35789C0E326DCA6D8D08FBF74AA2461BA83E2787481BA5BE392EFA49D517912DBA3A43A47887F7793A7E2CC446D4E9373BFCA14B7E25BAEF5704EC8AD3621AECC4F885489FB6C3E2DB2AD1ADA862B6BD9A56FEFD50F36F2DCC6B568173A3A0BA582CDB45E60B117AEA1835B2C8B48009E34165C268F9647DA905E857B55DDC5598D2BAEBBCB0A0855DC82CDD4463421B84694817C14D750234B4AF1F2CECC08AC66797ED6079A0D3C48D691EB7F1EBDC485A0B6197350419BF16D4CE0B808EF1DEE6DCFC4023808D367E479A6C4394FB67F187ADDAB6C61AFED207DB49D84EC47D40C6DCD61DCDEE2B2A53A2BC892CFF45281C81DC14AA9772EE931E57E25FF19EFD24CAACEEAAF627C8D4E6D953B8C59F049FD5E53796E2377EF0628BEFD78A3AA42148B71450AD14DEA6F8919836A52CD695A95B6D98528235C69816FEEB43F26BB577801B5760592BD33B223E749A17F461D08EBC5DD7271A73A06F2DCAFB01559E3B6D2D98BE47CA63623969163D9F5F812EE6EC71772FFF1D7CBE5C3E69FEB8FE3DF2186C706648CFFACE862717E37FEA1F5EDD58FE30B19FA61944489437737FE89FBCDF9C3C1B31D64E06C7F7C1D5E8DAFC2D6F8B5B00CD4E27474119F3E1D835625D7D7B0FC8B052CFFA74F27C0F2C0F22F16A0ECD9E87E08507589B7428EEB93076CEB08FF553CDBC70B5BCBB1C95CDF0978673B7875FF107FFF66620EB73231B01EC87960AD4A4EF42A2990DBC08E9B4091E932780C1F56DFBF3D232F3C1C908F574C0FE38F7599D4F1873F817F700CDEC4E3CF7FA1F1EFAB7331069E4707C1F76FE861F7F0FD9BEFC6B18933F58F784DBF37D0530B0F7FA07BB7AAD1F94BD2BD145E59E38F94D58399E563F60224FAFE6D7C1B8AFE4851FB333DE56DF0E758FD8C98E435BE05D6394534F904DE0BF7EEF8A3F860C7F19F6134F401A5B29ADCA32772F4A3AA294576E3CA82CB1DBD643608AA3235A729C5B9BFBC19FFB8D9E0A9B601395D8F68077AFD972B2F91B242B113B9072397DFB872460E7FAF427BF74064684F1FCB30486CBC67880AC4DFD1767138102AFA9A484C049E370A2B111745640B98A35A28299712F939F37452172277E93DAABD56674A10B4175813189DA703B5F0A410900A7A0777F5C05DE0AF523A109A5E170A804D193BF0CB7765025E99D0C19F3D80119865AF69784EFAC25A00A013BB70F2BB511122A77770339763020693DA8154DE2E08206542077FBE2C13B87372076F35570BEC558A6CAC57A3BA4A9BCF726FFB82309F35B8E5CFAFEDC3011B2BCA4DBFA04CACDC477FF98305F761F7738C99134B5CD9ABD25692F06C8C95944BCDDF585FB8519CE0FDBCBDB589B95CEE7C211B6BC31A1AB894C59A297E5952377B99BF7CB72777A9E701EAE6BBC035223BFBAC72A82A06E5BD2FB04EC84F24D89E1D35DFDD2D432FF50381CC3FF7EDC4CA672B095A9E00C70BE568825B98025661EF2470524BA88AD858652A551DB9725EA3011B5CE1DA704407761A504C554766BCDB695026411DAF7EA64F83D5540D9D3969501AE184B00D8D765BA7D168BA88369F71E394B70433C11470BB12DEB240EC0EB56EE969819A91D44D511B46631FD22EEB4C27363BC277E155DEE83C5E9500C393150D5E2ACE4F5D006493A1D8B50FBB085CA741514BE77611B34C81214A6C67458521514EED3C1C9504C3CC37443C5C4E852189C6B2A6C2900AE773E9C8D0B095A0B9FF956C5BBE93D2B567526E051BD6C037F6BC4D3DF81291803ACC7A8BD3706C8A3A22EF124E63F269807286FCBA2CA7BC190D2CF7E2BA3AD8C0AFA0858D9C4D6D591C87D18D29F54E6FC3200EE23400F956E72E7DBF6984920641D9843CC60634924ABF6D1AA3A44150F872E414C03AB2F4B9661691251188B390C02C407D4B5FD4329D4C27A8E3956ED13454495347A93DA519C5ADA880FA51EED34CF528BA3A1A19CE9487340DC825817A80F383E6BA814B7D8D9D14E5022D8392EEA35EC936371C6BEA9A6A353805CBAD0AD466C857A22197F8603763508ECDB2451E08ABF46EA6814ADA9B5186E24C5AB7F3E5EC0A9DDDC4D8D498854333DD9652D7E80E8CDA3B9943AA134078A45524E52AC9602C69D9EA84FFCBDD0AB9D9D0D53F09AF82F249B99A5AB2F048A65B51EADBDC8641B919D33814591D8B7C148EC434164556C7AA5D8569A89A0AD0DFEA9D1FA3BC0DAFFFDA906A6760C692575430123F27545430D2468AB4018D4BCE5F97199C5C9A3A2AEF964BA3F269805A17DEB74C9D0BDA9BB11ED4B5A6AE11698650B0256DCC4D0D5BFADCD20D2BF7DFED4211076F4D7D3B5D945D1B6BF78E8C5BA563E47C4DAD59F9CCD28DD9E081DBD9B73B49DFC2506A0F5706A826BF99DEA52FF475FBB80543A1A75BB91BA7D1CA739299451B3C65DB90184F55E608924E789D034DDA479506A3E9E32E2A1B77479CFF2AB34BE2D2DE8CAE17EF4E74D55CCEAEA0E14D8CCD6BD6DC73955DB4CABC60DBBB4838F3B2A0A75D6B967F0DE2CDFC4819F68CA28E403B89D238341D72EA7ECC1FBA1FC3F84F787ED0FD7AFE009F06C8298093B4CC3993393DCB280004EE6E7F29BDD36FECD1DCA992E9D29C0468C5DA659269CB9A0C38B5E33A7405EACF157FD807EA4D8B936D81645B9C6C0B26FB94E33E857067BE85347B4650E7CF7C0D9965D635883FF33D640EF51720FECC17912D3FA8F532DF44B6FCB07732FC9D04E83E82725D14C6514E56C7E2BC16693C2E09A05BA56F22A36025118AC3AB7949849DCCF3C33C27C1302427FBA072347838D2980D59FAC938E99601AA87E8BDC85FF2B0A900CD2EDC1419B52E68509413190C6C944ABC0CB99B44215D1DBD7228A4212B22A094B5C32053B89A0C582D113F426699440800ED2B7D04197D2B89803546ED03C82C356A32640D5B7AF9B1CBD892FA66B616D9A374DD8D858C59615B21676BEC5E6EDB07DBEF151E7E344041823CA42DFDF7D857B425F5CD7466E922A0DB9F0DFC0A5DDAC8D96C884A973DD612C95D00DB9032573CC67C5C0A2E1E6DFC039E9C0930F073BC219E0535F9C0314F3F1AF2804A2A9E165544751CCAA58D46A2C886C797E053C367A9A41794EABBF2A929FC59BAE35F0A0E2E7916F27B20E1B3BB23CE2DD72FD61FDE11493FCAFE5C7A2E220F59CA1CD776E03EA238C99D6FA77F3BFA918BA4F976A25ACEE278C79C8DB784B664FBCB78B449973471A793B0DEEFD7E7232497E385C13EF7BCACB1B4E247F60462C2436695D78719A27E5C6C288D12354586D48092C489D4AD171FEB825C5527D95535F50B40EFB5B5E1A46FF9C418906A483D423CEA8CF481832D8E33DAC5F88A3A038B89B6C801F48BB5B80D434FAB3842E0457D24360AA32ECE2016551671B10F18EDA6DF076708B3238443EC395D40341218EB50C31C0C158170143320FC32B06ED3CB620AEA62C943066A98273A8060273B389CA0862E0C11E22F782617C17624FEE0B476043FDD8E6203F4E9A36C7A2F14D9F07AFA28FD4BC205C7EB05B3E88B22096DA70BC546AED3188C7C1C3B0D0831AA9D6E6D38BF8BDEAD2C8D49F7B696E142403A1DD8BEE1EA346DA6D9987183595821249CCE0A990D0837F08647E672602E08DB600D2D89B1A63BF884106A1A764A1250ED2D2E698527FFE6A2988DB298150297E9363AF960E292E902F161C7B495928B2AD66DBAB5628CE9168F0F21D61367D37BD0480380E9A2C9E37B69D79109DF35B0396F7A786F325CD660469D8F8635745B896FE1CD86A01AB4A16A585DC51402480DDCDE8D2FD24DC76B1AACDD25E19834160B831D9B88B197F4AF4AFA1DEACAE3300DAC4FB2F7DF26631F8DB284B186D8AAAF7B0350C18A7431C45844DA478B75A8217D88DE774FF42FBD6B1F14507180B43180775F92DEA5A3F868B7281FA447FBB0A377E7AE7AF7ADD5BB0C56FF329CF645A0C2DB68187E2AD88D063715FA46839B0A84A355F23EDC75901C0D662164CEAE33640E4C8034848EB68AB1117234EACBC5CBD14060A2E70C77B0D9EB5053846C8DBCA3DBFCAD8175FA1C64CBE2E6684F0E4C589C7E28FDDF7B3406B5D145E462D668178C0F4993266EF0A2311CA83035DA6AC546A1D15E57F04166B4AD0C174366B88B57F169B689402FA3ACF399D82EBA2DCD876E197883257D366D3A5ACA28AD4F0548D13E2D19EECCA53F0CF33E40FB82B73538498FA20D71B6218416E96955F84023E26FF9B3C5A95E64971340152EA496224412C99F4BE335C9965CDFE5051D3BCE488BCCE1C291C8846449DDC80AA14A64E8C6E298C884CBF37617A633E8894C58FF802832549CD08DA91C2A4526A14E5710D41E4B450A9F792B742203E2ACC8A45019BA657546629149C8D3BAC15BC3B4C880494A37AC42041719789118CB4DAC427C17D1E7643EBB4B03B253CBBFF094E3EE6B8839C60C904366A01AB4CC433652E5FC80AB4697A8CCC21F1160F38177863619C644498B873A5918ACECE5295E78F85BB4BB0C6ED3E490260BBC99F2B71E13696D3E6B979F05B161CB3CBFCDE6D078882AE062BA64737B1B9CA7AEB7ABCA7D217900D0004126B96215854B65256435B57FA9906EC24011A868BE153AA080ACC136C83F78C424DE0696FD8C74CA86D5F70AED6DE7655D780E3583747704DBECF3956BEF23DB8F0B8C9A1F7F621DDEF95F7FFE1F2A93AD9DA0A80000, '6.2.0-61023'),
	('201905310847142_v2', 'demm.Migrations.Configuration', _binary 0x1F8B0800000000000400DD5DC972DB4812BD4FC4FC038367B7684931D13D0EAA3B28D29A965B0B43A0D53127050896288CB1B0B1A8AD4FF237CC610EFEA0F985A9C25A1B80CA0250524CF86021ABF2652D59596B32FFFBEFFFCC7FF9EA7B936714C56E189C4D8F8FDE4F272870C29D1BECCFA669F2F8C34FD35F7EFEEB5FE61F77FED7C97D99EF94E4C39C417C367D4A92C387D92C769E906FC747BEEB44611C3E26474EE8CFEC5D383B79FFFEEFB3E3E319C210538C3599CCEFD220717D947DE0CF651838E890A4B6771DEE901717749C6265A8931BDB47F1C176D0D974877CFF28CF369D2C3CD7C645B090F7389DD841102676820BF8E1738CAC240A83BD75C004DBDBBC1C10CEF7687B312A0AFEA1CEAE5A87F727A40EB39AB18472D238097D20E0F169D128339E5DAB69A755A3E166FB889B377921B5CE9AEE6CBA8812D7F1106E325ED887A517918C4CCB1E95F9DF4D08F55DD5F35841C8BF779365EA256984CE02942691EDBD9BACD3ADE73ABFA1974DF805056741EA79749170A1701A43C0A475141E5094BCDCA1C7A2A0762EF872379DCC58F619CF5F718BAC79852E83E4F4643AB9C145B1B71EAAFA9FAABC958411FA070A50642768B7B6930445B8FB2E77286B41A1107291E4A3148AF50E8F9DE9E4DAFE7A85827DF27436C57F4E2717EE57B42B2945413E072E1E6A98298952A42A2B3425C9C26D84B8B6546734D226DBC80E76758B2815724F7ADB75160DDAD2CE8C6DD0175C155CC864F4CAAD702B3EACD07329887C6F5C5F5D514E462F62D188378BFB8145CD67B50953316C8B04CBDDA609D8C2D58CE64D1D167D6F7BA99EB1A3998D993B2CF4DC0B9D2FC02147F8BACBA98011E395C2CE2555B1BD12EE3C0C3D64076AFC58368A9E3599AFDCE00BDA69B09A991FB020EB298C1263D2880823828C98DB6A44999A5F612342D9229E933951D50A66998D5BBE6ADA865A3DF97C3FA2C5CB059A1850780E35272CEB766C4B1F5D1BEFBC40B6FC266C5D142AABE90A25B6EB294FD74576E3AAEAD891CEF45CB03576E3F1C94F4ADD089C2497CBD155E7CB9F1751E81B10B3197FA3F3EBC1485D7E3D18A8CB2208105A8D6F3A32398BD1C52CED280AE318EFD4C6AF125E0F3E938D03C00A3A2F9E1BEC5004625AE2125D63F39946A35789C0E326DCA6D8D08FBF74AA2461BA83E2787481BA5BE392EFA49D517912DBA3A43A47887F7793A7E2CC446D4E9373BFCA14B7E25BAEF5704EC8AD3621AECC4F885489FB6C3E2DB2AD1ADA862B6BD9A56FEFD50F36F2DCC6B568173A3A0BA582CDB45E60B117AEA1835B2C8B48009E34165C268F9647DA905E857B55DDC5598D2BAEBBCB0A0855DC82CDD4463421B84694817C14D750234B4AF1F2CECC08AC66797ED6079A0D3C48D691EB7F1EBDC485A0B6197350419BF16D4CE0B808EF1DEE6DCFC4023808D367E479A6C4394FB67F187ADDAB6C61AFED207DB49D84EC47D40C6DCD61DCDEE2B2A53A2BC892CFF45281C81DC14AA9772EE931E57E25FF19EFD24CAACEEAAF627C8D4E6D953B8C59F049FD5E53796E2377EF0628BEFD78A3AA42148B71450AD14DEA6F8919836A52CD695A95B6D98528235C69816FEEB43F26BB577801B5760592BD33B223E749A17F461D08EBC5DD7271A73A06F2DCAFB01559E3B6D2D98BE47CA63623969163D9F5F812EE6EC71772FFF1D7CBE5C3E69FEB8FE3DF2186C706648CFFACE862717E37FEA1F5EDD58FE30B19FA61944489437737FE89FBCDF9C3C1B31D64E06C7F7C1D5E8DAFC2D6F8B5B00CD4E27474119F3E1D835625D7D7B0FC8B052CFFA74F27C0F2C0F22F16A0ECD9E87E08507589B7428EEB93076CEB08FF553CDBC70B5BCBB1C95CDF0978673B7875FF107FFF66620EB73231B01EC87960AD4A4EF42A2990DBC08E9B4091E932780C1F56DFBF3D232F3C1C908F574C0FE38F7599D4F1873F817F700CDEC4E3CF7FA1F1EFAB7331069E4707C1F76FE861F7F0FD9BEFC6B18933F58F784DBF37D0530B0F7FA07BB7AAD1F94BD2BD145E59E38F94D58399E563F60224FAFE6D7C1B8AFE4851FB333DE56DF0E758FD8C98E435BE05D6394534F904DE0BF7EEF8A3F860C7F19F6134F401A5B29ADCA32772F4A3AA294576E3CA82CB1DBD643608AA3235A729C5B9BFBC19FFB8D9E0A9B601395D8F68077AFD972B2F91B242B113B9072397DFB872460E7FAF427BF74064684F1FCB30486CBC67880AC4DFD1767138102AFA9A484C049E370A2B111745640B98A35A28299712F939F37452172277E93DAABD56674A10B4175813189DA703B5F0A410900A7A0777F5C05DE0AF523A109A5E170A804D193BF0CB7765025E99D0C19F3D80119865AF69784EFAC25A00A013BB70F2BB511122A77770339763020693DA8154DE2E08206542077FBE2C13B87372076F35570BEC558A6CAC57A3BA4A9BCF726FFB82309F35B8E5CFAFEDC3011B2BCA4DBFA04CACDC477FF98305F761F7738C99134B5CD9ABD25692F06C8C95944BCDDF585FB8519CE0FDBCBDB589B95CEE7C211B6BC31A1AB894C59A297E5952377B99BF7CB72777A9E701EAE6BBC035223BFBAC72A82A06E5BD2FB04EC84F24D89E1D35DFDD2D432FF50381CC3FF7EDC4CA672B095A9E00C70BE568825B98025661EF2470524BA88AD858652A551DB9725EA3011B5CE1DA704407761A504C554766BCDB695026411DAF7EA64F83D5540D9D3969501AE184B00D8D765BA7D168BA88369F71E394B70433C11470BB12DEB240EC0EB56EE969819A91D44D511B46631FD22EEB4C27363BC277E155DEE83C5E9500C393150D5E2ACE4F5D006493A1D8B50FBB085CA741514BE77611B34C81214A6C67458521514EED3C1C9504C3CC37443C5C4E852189C6B2A6C2900AE773E9C8D0B095A0B9FF956C5BBE93D2B567526E051BD6C037F6BC4D3DF81291803ACC7A8BD3706C8A3A22EF124E63F269807286FCBA2CA7BC190D2CF7E2BA3AD8C0AFA0858D9C4D6D591C87D18D29F54E6FC3200EE23400F956E72E7DBF6984920641D9843CC60634924ABF6D1AA3A44150F872E414C03AB2F4B9661691251188B390C02C407D4B5FD4329D4C27A8E3956ED13454495347A93DA519C5ADA880FA51EED34CF528BA3A1A19CE9487340DC825817A80F383E6BA814B7D8D9D14E5022D8392EEA35EC936371C6BEA9A6A353805CBAD0AD466C857A22197F8603763508ECDB2451E08ABF46EA6814ADA9B5186E24C5AB7F3E5EC0A9DDDC4D8D498854333DD9652D7E80E8CDA3B9943AA134078A45524E52AC9602C69D9EA84FFCBDD0AB9D9D0D53F09AF82F249B99A5AB2F048A65B51EADBDC8641B919D33814591D8B7C148EC434164556C7AA5D8569A89A0AD0DFEA9D1FA3BC0DAFFFDA906A6760C692575430123F27545430D2468AB4018D4BCE5F97199C5C9A3A2AEF964BA3F269805A17DEB74C9D0BDA9BB11ED4B5A6AE11698650B0256DCC4D0D5BFADCD20D2BF7DFED4211076F4D7D3B5D945D1B6BF78E8C5BA563E47C4DAD59F9CCD28DD9E081DBD9B73B49DFC2506A0F5706A826BF99DEA52FF475FBB80543A1A75BB91BA7D1CA739299451B3C65DB90184F55E608924E789D034DDA479506A3E9E32E2A1B77479CFF2AB34BE2D2DE8CAE17EF4E74D55CCEAEA0E14D8CCD6BD6DC73955DB4CABC60DBBB4838F3B2A0A75D6B967F0DE2CDFC4819F68CA28E403B89D238341D72EA7ECC1FBA1FC3F84F787ED0FD7AFE009F06C8298093B4CC3993393DCB280004EE6E7F29BDD36FECD1DCA992E9D29C0468C5DA659269CB9A0C38B5E33A7405EACF157FD807EA4D8B936D81645B9C6C0B26FB94E33E857067BE85347B4650E7CF7C0D9965D635883FF33D640EF51720FECC17912D3FA8F532DF44B6FCB07732FC9D04E83E82725D14C6514E56C7E2BC16693C2E09A05BA56F22A36025118AC3AB7949849DCCF3C33C27C1302427FBA072347838D2980D59FAC938E99601AA87E8BDC85FF2B0A900CD2EDC1419B52E68509413190C6C944ABC0CB99B44215D1DBD7228A4212B22A094B5C32053B89A0C582D113F426699440800ED2B7D04197D2B89803546ED03C82C356A32640D5B7AF9B1CBD892FA66B616D9A374DD8D858C59615B21676BEC5E6EDB07DBEF151E7E344041823CA42DFDF7D857B425F5CD7466E922A0DB9F0DFC0A5DDAC8D96C884A973DD612C95D00DB9032573CC67C5C0A2E1E6DFC039E9C0930F073BC219E0535F9C0314F3F1AF2804A2A9E165544751CCAA58D46A2C886C797E053C367A9A41794EABBF2A929FC59BAE35F0A0E2E7916F27B20E1B3BB23CE2DD72FD61FDE11493FCAFE5C7A2E220F59CA1CD776E03EA238C99D6FA77F3BFA918BA4F976A25ACEE278C79C8DB784B664FBCB78B449973471A793B0DEEFD7E7232497E385C13EF7BCACB1B4E247F60462C2436695D78719A27E5C6C288D12354586D48092C489D4AD171FEB825C5527D95535F50B40EFB5B5E1A46FF9C418906A483D423CEA8CF481832D8E33DAC5F88A3A038B89B6C801F48BB5B80D434FAB3842E0457D24360AA32ECE2016551671B10F18EDA6DF076708B3238443EC395D40341218EB50C31C0C158170143320FC32B06ED3CB620AEA62C943066A98273A8060273B389CA0862E0C11E22F782617C17624FEE0B476043FDD8E6203F4E9A36C7A2F14D9F07AFA28FD4BC205C7EB05B3E88B22096DA70BC546AED3188C7C1C3B0D0831AA9D6E6D38BF8BDEAD2C8D49F7B696E142403A1DD8BEE1EA346DA6D9987183595821249CCE0A990D0837F08647E672602E08DB600D2D89B1A63BF884106A1A764A1250ED2D2E698527FFE6A2988DB298150297E9363AF960E292E902F161C7B495928B2AD66DBAB5628CE9168F0F21D61367D37BD0480380E9A2C9E37B69D79109DF35B0396F7A786F325CD660469D8F8635745B896FE1CD86A01AB4A16A585DC51402480DDCDE8D2FD24DC76B1AACDD25E19834160B831D9B88B197F4AF4AFA1DEACAE3300DAC4FB2F7DF26631F8DB284B186D8AAAF7B0350C18A7431C45844DA478B75A8217D88DE774FF42FBD6B1F14507180B43180775F92DEA5A3F868B7281FA447FBB0A377E7AE7AF7ADD5BB0C56FF329CF645A0C2DB68187E2AD88D063715FA46839B0A84A355F23EDC75901C0D662164CEAE33640E4C8034848EB68AB1117234EACBC5CBD14060A2E70C77B0D9EB5053846C8DBCA3DBFCAD8175FA1C64CBE2E6684F0E4C589C7E28FDDF7B3406B5D145E462D668178C0F4993266EF0A2311CA83035DA6AC546A1D15E57F04166B4AD0C174366B88B57F169B689402FA3ACF399D82EBA2DCD876E197883257D366D3A5ACA28AD4F0548D13E2D19EECCA53F0CF33E40FB82B73538498FA20D71B6218416E96955F84023E26FF9B3C5A95E64971340152EA496224412C99F4BE335C9965CDFE5051D3BCE488BCCE1C291C8846449DDC80AA14A64E8C6E298C884CBF37617A633E8894C58FF802832549CD08DA91C2A4526A14E5710D41E4B450A9F792B742203E2ACC8A45019BA657546629149C8D3BAC15BC3B4C880494A37AC42041719789118CB4DAC427C17D1E7643EBB4B03B253CBBFF094E3EE6B8839C60C904366A01AB4CC433652E5FC80AB4697A8CCC21F1160F38177863619C644498B873A5918ACECE5295E78F85BB4BB0C6ED3E490260BBC99F2B71E13696D3E6B979F05B161CB3CBFCDE6D078882AE062BA64737B1B9CA7AEB7ABCA7D217900D0004126B96215854B65256435B57FA9906EC24011A868BE153AA080ACC136C83F78C424DE0696FD8C74CA86D5F70AED6DE7655D780E3583747704DBECF3956BEF23DB8F0B8C9A1F7F621DDEF95F7FFE1F2A93AD9DA0A80000, '6.2.0-61023'),
	('201905311327264_v3', 'demm.Migrations.Configuration', _binary 0x1F8B0800000000000400DD5DC972DB4812BD4FC4FC038367B7684931D13D0EAA3B28D29A965B0B43A0D53127050896288CB1B0B1A8AD4FF237CC610EFEA0F985A9C25A1B80CA0250524CF86021ABF2652D59596B32FFFBEFFFCC7FF9EA7B936714C56E189C4D8F8FDE4F272870C29D1BECCFA669F2F8C34FD35F7EFEEB5FE61F77FED7C97D99EF94E4C39C417C367D4A92C387D92C769E906FC747BEEB44611C3E26474EE8CFEC5D383B79FFFEEFB3E3E319C210538C3599CCEFD220717D947DE0CF651838E890A4B6771DEE901717749C6265A8931BDB47F1C176D0D974877CFF28CF369D2C3CD7C645B090F7389DD841102676820BF8E1738CAC240A83BD75C004DBDBBC1C10CEF7687B312A0AFEA1CEAE5A87F727A40EB39AB18472D238097D20E0F169D128339E5DAB69A755A3E166FB889B377921B5CE9AEE6CBA8812D7F1106E325ED887A517918C4CCB1E95F9DF4D08F55DD5F35841C8BF779365EA256984CE02942691EDBD9BACD3ADE73ABFA1974DF805056741EA79749170A1701A43C0A475141E5094BCDCA1C7A2A0762EF872379DCC58F619CF5F718BAC79852E83E4F4643AB9C145B1B71EAAFA9FAABC958411FA070A50642768B7B6930445B8FB2E77286B41A1107291E4A3148AF50E8F9DE9E4DAFE7A85827DF27436C57F4E2717EE57B42B2945413E072E1E6A98298952A42A2B3425C9C26D84B8B6546734D226DBC80E76758B2815724F7ADB75160DDAD2CE8C6DD0175C155CC864F4CAAD702B3EACD07329887C6F5C5F5D514E462F62D188378BFB8145CD67B50953316C8B04CBDDA609D8C2D58CE64D1D167D6F7BA99EB1A3998D993B2CF4DC0B9D2FC02147F8BACBA98011E395C2CE2555B1BD12EE3C0C3D64076AFC58368A9E3599AFDCE00BDA69B09A991FB020EB298C1263D2880823828C98DB6A44999A5F612342D9229E933951D50A66998D5BBE6ADA865A3DF97C3FA2C5CB059A1850780E35272CEB766C4B1F5D1BEFBC40B6FC266C5D142AABE90A25B6EB294FD74576E3AAEAD891CEF45CB03576E3F1C94F4ADD089C2497CBD155E7CB9F1751E81B10B3197FA3F3EBC1485D7E3D18A8CB2208105A8D6F3A32398BD1C52CED280AE318EFD4C6AF125E0F3E938D03C00A3A2F9E1BEC5004625AE2125D63F39946A35789C0E326DCA6D8D08FBF74AA2461BA83E2787481BA5BE392EFA49D517912DBA3A43A47887F7793A7E2CC446D4E9373BFCA14B7E25BAEF5704EC8AD3621AECC4F885489FB6C3E2DB2AD1ADA862B6BD9A56FEFD50F36F2DCC6B568173A3A0BA582CDB45E60B117AEA1835B2C8B48009E34165C268F9647DA905E857B55DDC5598D2BAEBBCB0A0855DC82CDD4463421B84694817C14D750234B4AF1F2CECC08AC66797ED6079A0D3C48D691EB7F1EBDC485A0B6197350419BF16D4CE0B808EF1DEE6DCFC4023808D367E479A6C4394FB67F187ADDAB6C61AFED207DB49D84EC47D40C6DCD61DCDEE2B2A53A2BC892CFF45281C81DC14AA9772EE931E57E25FF19EFD24CAACEEAAF627C8D4E6D953B8C59F049FD5E53796E2377EF0628BEFD78A3AA42148B71450AD14DEA6F8919836A52CD695A95B6D98528235C69816FEEB43F26BB577801B5760592BD33B223E749A17F461D08EBC5DD7271A73A06F2DCAFB01559E3B6D2D98BE47CA63623969163D9F5F812EE6EC71772FFF1D7CBE5C3E69FEB8FE3DF2186C706648CFFACE862717E37FEA1F5EDD58FE30B19FA61944489437737FE89FBCDF9C3C1B31D64E06C7F7C1D5E8DAFC2D6F8B5B00CD4E27474119F3E1D835625D7D7B0FC8B052CFFA74F27C0F2C0F22F16A0ECD9E87E08507589B7428EEB93076CEB08FF553CDBC70B5BCBB1C95CDF0978673B7875FF107FFF66620EB73231B01EC87960AD4A4EF42A2990DBC08E9B4091E932780C1F56DFBF3D232F3C1C908F574C0FE38F7599D4F1873F817F700CDEC4E3CF7FA1F1EFAB7331069E4707C1F76FE861F7F0FD9BEFC6B18933F58F784DBF37D0530B0F7FA07BB7AAD1F94BD2BD145E59E38F94D58399E563F60224FAFE6D7C1B8AFE4851FB333DE56DF0E758FD8C98E435BE05D6394534F904DE0BF7EEF8A3F860C7F19F6134F401A5B29ADCA32772F4A3AA294576E3CA82CB1DBD643608AA3235A729C5B9BFBC19FFB8D9E0A9B601395D8F68077AFD972B2F91B242B113B9072397DFB872460E7FAF427BF74064684F1FCB30486CBC67880AC4DFD1767138102AFA9A484C049E370A2B111745640B98A35A28299712F939F37452172277E93DAABD56674A10B4175813189DA703B5F0A410900A7A0777F5C05DE0AF523A109A5E170A804D193BF0CB7765025E99D0C19F3D80119865AF69784EFAC25A00A013BB70F2BB511122A77770339763020693DA8154DE2E08206542077FBE2C13B87372076F35570BEC558A6CAC57A3BA4A9BCF726FFB82309F35B8E5CFAFEDC3011B2BCA4DBFA04CACDC477FF98305F761F7738C99134B5CD9ABD25692F06C8C95944BCDDF585FB8519CE0FDBCBDB589B95CEE7C211B6BC31A1AB894C59A297E5952377B99BF7CB72777A9E701EAE6BBC035223BFBAC72A82A06E5BD2FB04EC84F24D89E1D35DFDD2D432FF50381CC3FF7EDC4CA672B095A9E00C70BE568825B98025661EF2470524BA88AD858652A551DB9725EA3011B5CE1DA704407761A504C554766BCDB695026411DAF7EA64F83D5540D9D3969501AE184B00D8D765BA7D168BA88369F71E394B70433C11470BB12DEB240EC0EB56EE969819A91D44D511B46631FD22EEB4C27363BC277E155DEE83C5E9500C393150D5E2ACE4F5D006493A1D8B50FBB085CA741514BE77611B34C81214A6C67458521514EED3C1C9504C3CC37443C5C4E852189C6B2A6C2900AE773E9C8D0B095A0B9FF956C5BBE93D2B567526E051BD6C037F6BC4D3DF81291803ACC7A8BD3706C8A3A22EF124E63F269807286FCBA2CA7BC190D2CF7E2BA3AD8C0AFA0858D9C4D6D591C87D18D29F54E6FC3200EE23400F956E72E7DBF6984920641D9843CC60634924ABF6D1AA3A44150F872E414C03AB2F4B9661691251188B390C02C407D4B5FD4329D4C27A8E3956ED13454495347A93DA519C5ADA880FA51EED34CF528BA3A1A19CE9487340DC825817A80F383E6BA814B7D8D9D14E5022D8392EEA35EC936371C6BEA9A6A353805CBAD0AD466C857A22197F8603763508ECDB2451E08ABF46EA6814ADA9B5186E24C5AB7F3E5EC0A9DDDC4D8D498854333DD9652D7E80E8CDA3B9943AA134078A45524E52AC9602C69D9EA84FFCBDD0AB9D9D0D53F09AF82F249B99A5AB2F048A65B51EADBDC8641B919D33814591D8B7C148EC434164556C7AA5D8569A89A0AD0DFEA9D1FA3BC0DAFFFDA906A6760C692575430123F27545430D2468AB4018D4BCE5F97199C5C9A3A2AEF964BA3F269805A17DEB74C9D0BDA9BB11ED4B5A6AE11698650B0256DCC4D0D5BFADCD20D2BF7DFED4211076F4D7D3B5D945D1B6BF78E8C5BA563E47C4DAD59F9CCD28DD9E081DBD9B73B49DFC2506A0F5706A826BF99DEA52FF475FBB80543A1A75BB91BA7D1CA739299451B3C65DB90184F55E608924E789D034DDA479506A3E9E32E2A1B77479CFF2AB34BE2D2DE8CAE17EF4E74D55CCEAEA0E14D8CCD6BD6DC73955DB4CABC60DBBB4838F3B2A0A75D6B967F0DE2CDFC4819F68CA28E403B89D238341D72EA7ECC1FBA1FC3F84F787ED0FD7AFE009F06C8298093B4CC3993393DCB280004EE6E7F29BDD36FECD1DCA992E9D29C0468C5DA659269CB9A0C38B5E33A7405EACF157FD807EA4D8B936D81645B9C6C0B26FB94E33E857067BE85347B4650E7CF7C0D9965D635883FF33D640EF51720FECC17912D3FA8F532DF44B6FCB07732FC9D04E83E82725D14C6514E56C7E2BC16693C2E09A05BA56F22A36025118AC3AB7949849DCCF3C33C27C1302427FBA072347838D2980D59FAC938E99601AA87E8BDC85FF2B0A900CD2EDC1419B52E68509413190C6C944ABC0CB99B44215D1DBD7228A4212B22A094B5C32053B89A0C582D113F426699440800ED2B7D04197D2B89803546ED03C82C356A32640D5B7AF9B1CBD892FA66B616D9A374DD8D858C59615B21676BEC5E6EDB07DBEF151E7E344041823CA42DFDF7D857B425F5CD7466E922A0DB9F0DFC0A5DDAC8D96C884A973DD612C95D00DB9032573CC67C5C0A2E1E6DFC039E9C0930F073BC219E0535F9C0314F3F1AF2804A2A9E165544751CCAA58D46A2C886C797E053C367A9A41794EABBF2A929FC59BAE35F0A0E2E7916F27B20E1B3BB23CE2DD72FD61FDE11493FCAFE5C7A2E220F59CA1CD776E03EA238C99D6FA77F3BFA918BA4F976A25ACEE278C79C8DB784B664FBCB78B449973471A793B0DEEFD7E7232497E385C13EF7BCACB1B4E247F60462C2436695D78719A27E5C6C288D12354586D48092C489D4AD171FEB825C5527D95535F50B40EFB5B5E1A46FF9C418906A483D423CEA8CF481832D8E33DAC5F88A3A038B89B6C801F48BB5B80D434FAB3842E0457D24360AA32ECE2016551671B10F18EDA6DF076708B3238443EC395D40341218EB50C31C0C158170143320FC32B06ED3CB620AEA62C943066A98273A8060273B389CA0862E0C11E22F782617C17624FEE0B476043FDD8E6203F4E9A36C7A2F14D9F07AFA28FD4BC205C7EB05B3E88B22096DA70BC546AED3188C7C1C3B0D0831AA9D6E6D38BF8BDEAD2C8D49F7B696E142403A1DD8BEE1EA346DA6D9987183595821249CCE0A990D0837F08647E672602E08DB600D2D89B1A63BF884106A1A764A1250ED2D2E698527FFE6A2988DB298150297E9363AF960E292E902F161C7B495928B2AD66DBAB5628CE9168F0F21D61367D37BD0480380E9A2C9E37B69D79109DF35B0396F7A786F325CD660469D8F8635745B896FE1CD86A01AB4A16A585DC51402480DDCDE8D2FD24DC76B1AACDD25E19834160B831D9B88B197F4AF4AFA1DEACAE3300DAC4FB2F7DF26631F8DB284B186D8AAAF7B0350C18A7431C45844DA478B75A8217D88DE774FF42FBD6B1F14507180B43180775F92DEA5A3F868B7281FA447FBB0A377E7AE7AF7ADD5BB0C56FF329CF645A0C2DB68187E2AD88D063715FA46839B0A84A355F23EDC75901C0D662164CEAE33640E4C8034848EB68AB1117234EACBC5CBD14060A2E70C77B0D9EB5053846C8DBCA3DBFCAD8175FA1C64CBE2E6684F0E4C589C7E28FDDF7B3406B5D145E462D668178C0F4993266EF0A2311CA83035DA6AC546A1D15E57F04166B4AD0C174366B88B57F169B689402FA3ACF399D82EBA2DCD876E197883257D366D3A5ACA28AD4F0548D13E2D19EECCA53F0CF33E40FB82B73538498FA20D71B6218416E96955F84023E26FF9B3C5A95E64971340152EA496224412C99F4BE335C9965CDFE5051D3BCE488BCCE1C291C8846449DDC80AA14A64E8C6E298C884CBF37617A633E8894C58FF802832549CD08DA91C2A4526A14E5710D41E4B450A9F792B742203E2ACC8A45019BA657546629149C8D3BAC15BC3B4C880494A37AC42041719789118CB4DAC427C17D1E7643EBB4B03B253CBBFF094E3EE6B8839C60C904366A01AB4CC433652E5FC80AB4697A8CCC21F1160F38177863619C644498B873A5918ACECE5295E78F85BB4BB0C6ED3E490260BBC99F2B71E13696D3E6B979F05B161CB3CBFCDE6D078882AE062BA64737B1B9CA7AEB7ABCA7D217900D0004126B96215854B65256435B57FA9906EC24011A868BE153AA080ACC136C83F78C424DE0696FD8C74CA86D5F70AED6DE7655D780E3583747704DBECF3956BEF23DB8F0B8C9A1F7F621DDEF95F7FFE1F2A93AD9DA0A80000, '6.1.3-40302'),
	('201905311334411_v4', 'demm.Migrations.Configuration', _binary 0x1F8B0800000000000400DD5DC972DB4812BD4FC4FC038367B7684931D13D0EAA3B28D29A965B0B43A0D53127050896288CB1B0B1A8AD4FF237CC610EFEA0F985A9C25A1B80CA0250524CF86021ABF2652D59596B32FFFBEFFFCC7FF9EA7B936714C56E189C4D8F8FDE4F272870C29D1BECCFA669F2F8C34FD35F7EFEEB5FE61F77FED7C97D99EF94E4C39C417C367D4A92C387D92C769E906FC747BEEB44611C3E26474EE8CFEC5D383B79FFFEEFB3E3E319C210538C3599CCEFD220717D947DE0CF651838E890A4B6771DEE901717749C6265A8931BDB47F1C176D0D974877CFF28CF369D2C3CD7C645B090F7389DD841102676820BF8E1738CAC240A83BD75C004DBDBBC1C10CEF7687B312A0AFEA1CEAE5A87F727A40EB39AB18472D238097D20E0F169D128339E5DAB69A755A3E166FB889B377921B5CE9AEE6CBA8812D7F1106E325ED887A517918C4CCB1E95F9DF4D08F55DD5F35841C8BF779365EA256984CE02942691EDBD9BACD3ADE73ABFA1974DF805056741EA79749170A1701A43C0A475141E5094BCDCA1C7A2A0762EF872379DCC58F619CF5F718BAC79852E83E4F4643AB9C145B1B71EAAFA9FAABC958411FA070A50642768B7B6930445B8FB2E77286B41A1107291E4A3148AF50E8F9DE9E4DAFE7A85827DF27436C57F4E2717EE57B42B2945413E072E1E6A98298952A42A2B3425C9C26D84B8B6546734D226DBC80E76758B2815724F7ADB75160DDAD2CE8C6DD0175C155CC864F4CAAD702B3EACD07329887C6F5C5F5D514E462F62D188378BFB8145CD67B50953316C8B04CBDDA609D8C2D58CE64D1D167D6F7BA99EB1A3998D993B2CF4DC0B9D2FC02147F8BACBA98011E395C2CE2555B1BD12EE3C0C3D64076AFC58368A9E3599AFDCE00BDA69B09A991FB020EB298C1263D2880823828C98DB6A44999A5F612342D9229E933951D50A66998D5BBE6ADA865A3DF97C3FA2C5CB059A1850780E35272CEB766C4B1F5D1BEFBC40B6FC266C5D142AABE90A25B6EB294FD74576E3AAEAD891CEF45CB03576E3F1C94F4ADD089C2497CBD155E7CB9F1751E81B10B3197FA3F3EBC1485D7E3D18A8CB2208105A8D6F3A32398BD1C52CED280AE318EFD4C6AF125E0F3E938D03C00A3A2F9E1BEC5004625AE2125D63F39946A35789C0E326DCA6D8D08FBF74AA2461BA83E2787481BA5BE392EFA49D517912DBA3A43A47887F7793A7E2CC446D4E9373BFCA14B7E25BAEF5704EC8AD3621AECC4F885489FB6C3E2DB2AD1ADA862B6BD9A56FEFD50F36F2DCC6B568173A3A0BA582CDB45E60B117AEA1835B2C8B48009E34165C268F9647DA905E857B55DDC5598D2BAEBBCB0A0855DC82CDD4463421B84694817C14D750234B4AF1F2CECC08AC66797ED6079A0D3C48D691EB7F1EBDC485A0B6197350419BF16D4CE0B808EF1DEE6DCFC4023808D367E479A6C4394FB67F187ADDAB6C61AFED207DB49D84EC47D40C6DCD61DCDEE2B2A53A2BC892CFF45281C81DC14AA9772EE931E57E25FF19EFD24CAACEEAAF627C8D4E6D953B8C59F049FD5E53796E2377EF0628BEFD78A3AA42148B71450AD14DEA6F8919836A52CD695A95B6D98528235C69816FEEB43F26BB577801B5760592BD33B223E749A17F461D08EBC5DD7271A73A06F2DCAFB01559E3B6D2D98BE47CA63623969163D9F5F812EE6EC71772FFF1D7CBE5C3E69FEB8FE3DF2186C706648CFFACE862717E37FEA1F5EDD58FE30B19FA61944489437737FE89FBCDF9C3C1B31D64E06C7F7C1D5E8DAFC2D6F8B5B00CD4E27474119F3E1D835625D7D7B0FC8B052CFFA74F27C0F2C0F22F16A0ECD9E87E08507589B7428EEB93076CEB08FF553CDBC70B5BCBB1C95CDF0978673B7875FF107FFF66620EB73231B01EC87960AD4A4EF42A2990DBC08E9B4091E932780C1F56DFBF3D232F3C1C908F574C0FE38F7599D4F1873F817F700CDEC4E3CF7FA1F1EFAB7331069E4707C1F76FE861F7F0FD9BEFC6B18933F58F784DBF37D0530B0F7FA07BB7AAD1F94BD2BD145E59E38F94D58399E563F60224FAFE6D7C1B8AFE4851FB333DE56DF0E758FD8C98E435BE05D6394534F904DE0BF7EEF8A3F860C7F19F6134F401A5B29ADCA32772F4A3AA294576E3CA82CB1DBD643608AA3235A729C5B9BFBC19FFB8D9E0A9B601395D8F68077AFD972B2F91B242B113B9072397DFB872460E7FAF427BF74064684F1FCB30486CBC67880AC4DFD1767138102AFA9A484C049E370A2B111745640B98A35A28299712F939F37452172277E93DAABD56674A10B4175813189DA703B5F0A410900A7A0777F5C05DE0AF523A109A5E170A804D193BF0CB7765025E99D0C19F3D80119865AF69784EFAC25A00A013BB70F2BB511122A77770339763020693DA8154DE2E08206542077FBE2C13B87372076F35570BEC558A6CAC57A3BA4A9BCF726FFB82309F35B8E5CFAFEDC3011B2BCA4DBFA04CACDC477FF98305F761F7738C99134B5CD9ABD25692F06C8C95944BCDDF585FB8519CE0FDBCBDB589B95CEE7C211B6BC31A1AB894C59A297E5952377B99BF7CB72777A9E701EAE6BBC035223BFBAC72A82A06E5BD2FB04EC84F24D89E1D35DFDD2D432FF50381CC3FF7EDC4CA672B095A9E00C70BE568825B98025661EF2470524BA88AD858652A551DB9725EA3011B5CE1DA704407761A504C554766BCDB695026411DAF7EA64F83D5540D9D3969501AE184B00D8D765BA7D168BA88369F71E394B70433C11470BB12DEB240EC0EB56EE969819A91D44D511B46631FD22EEB4C27363BC277E155DEE83C5E9500C393150D5E2ACE4F5D006493A1D8B50FBB085CA741514BE77611B34C81214A6C67458521514EED3C1C9504C3CC37443C5C4E852189C6B2A6C2900AE773E9C8D0B095A0B9FF956C5BBE93D2B567526E051BD6C037F6BC4D3DF81291803ACC7A8BD3706C8A3A22EF124E63F269807286FCBA2CA7BC190D2CF7E2BA3AD8C0AFA0858D9C4D6D591C87D18D29F54E6FC3200EE23400F956E72E7DBF6984920641D9843CC60634924ABF6D1AA3A44150F872E414C03AB2F4B9661691251188B390C02C407D4B5FD4329D4C27A8E3956ED13454495347A93DA519C5ADA880FA51EED34CF528BA3A1A19CE9487340DC825817A80F383E6BA814B7D8D9D14E5022D8392EEA35EC936371C6BEA9A6A353805CBAD0AD466C857A22197F8603763508ECDB2451E08ABF46EA6814ADA9B5186E24C5AB7F3E5EC0A9DDDC4D8D498854333DD9652D7E80E8CDA3B9943AA134078A45524E52AC9602C69D9EA84FFCBDD0AB9D9D0D53F09AF82F249B99A5AB2F048A65B51EADBDC8641B919D33814591D8B7C148EC434164556C7AA5D8569A89A0AD0DFEA9D1FA3BC0DAFFFDA906A6760C692575430123F27545430D2468AB4018D4BCE5F97199C5C9A3A2AEF964BA3F269805A17DEB74C9D0BDA9BB11ED4B5A6AE11698650B0256DCC4D0D5BFADCD20D2BF7DFED4211076F4D7D3B5D945D1B6BF78E8C5BA563E47C4DAD59F9CCD28DD9E081DBD9B73B49DFC2506A0F5706A826BF99DEA52FF475FBB80543A1A75BB91BA7D1CA739299451B3C65DB90184F55E608924E789D034DDA479506A3E9E32E2A1B77479CFF2AB34BE2D2DE8CAE17EF4E74D55CCEAEA0E14D8CCD6BD6DC73955DB4CABC60DBBB4838F3B2A0A75D6B967F0DE2CDFC4819F68CA28E403B89D238341D72EA7ECC1FBA1FC3F84F787ED0FD7AFE009F06C8298093B4CC3993393DCB280004EE6E7F29BDD36FECD1DCA992E9D29C0468C5DA659269CB9A0C38B5E33A7405EACF157FD807EA4D8B936D81645B9C6C0B26FB94E33E857067BE85347B4650E7CF7C0D9965D635883FF33D640EF51720FECC17912D3FA8F532DF44B6FCB07732FC9D04E83E82725D14C6514E56C7E2BC16693C2E09A05BA56F22A36025118AC3AB7949849DCCF3C33C27C1302427FBA072347838D2980D59FAC938E99601AA87E8BDC85FF2B0A900CD2EDC1419B52E68509413190C6C944ABC0CB99B44215D1DBD7228A4212B22A094B5C32053B89A0C582D113F426699440800ED2B7D04197D2B89803546ED03C82C356A32640D5B7AF9B1CBD892FA66B616D9A374DD8D858C59615B21676BEC5E6EDB07DBEF151E7E344041823CA42DFDF7D857B425F5CD7466E922A0DB9F0DFC0A5DDAC8D96C884A973DD612C95D00DB9032573CC67C5C0A2E1E6DFC039E9C0930F073BC219E0535F9C0314F3F1AF2804A2A9E165544751CCAA58D46A2C886C797E053C367A9A41794EABBF2A929FC59BAE35F0A0E2E7916F27B20E1B3BB23CE2DD72FD61FDE11493FCAFE5C7A2E220F59CA1CD776E03EA238C99D6FA77F3BFA918BA4F976A25ACEE278C79C8DB784B664FBCB78B449973471A793B0DEEFD7E7232497E385C13EF7BCACB1B4E247F60462C2436695D78719A27E5C6C288D12354586D48092C489D4AD171FEB825C5527D95535F50B40EFB5B5E1A46FF9C418906A483D423CEA8CF481832D8E33DAC5F88A3A038B89B6C801F48BB5B80D434FAB3842E0457D24360AA32ECE2016551671B10F18EDA6DF076708B3238443EC395D40341218EB50C31C0C158170143320FC32B06ED3CB620AEA62C943066A98273A8060273B389CA0862E0C11E22F782617C17624FEE0B476043FDD8E6203F4E9A36C7A2F14D9F07AFA28FD4BC205C7EB05B3E88B22096DA70BC546AED3188C7C1C3B0D0831AA9D6E6D38BF8BDEAD2C8D49F7B696E142403A1DD8BEE1EA346DA6D9987183595821249CCE0A990D0837F08647E672602E08DB600D2D89B1A63BF884106A1A764A1250ED2D2E698527FFE6A2988DB298150297E9363AF960E292E902F161C7B495928B2AD66DBAB5628CE9168F0F21D61367D37BD0480380E9A2C9E37B69D79109DF35B0396F7A786F325CD660469D8F8635745B896FE1CD86A01AB4A16A585DC51402480DDCDE8D2FD24DC76B1AACDD25E19834160B831D9B88B197F4AF4AFA1DEACAE3300DAC4FB2F7DF26631F8DB284B186D8AAAF7B0350C18A7431C45844DA478B75A8217D88DE774FF42FBD6B1F14507180B43180775F92DEA5A3F868B7281FA447FBB0A377E7AE7AF7ADD5BB0C56FF329CF645A0C2DB68187E2AD88D063715FA46839B0A84A355F23EDC75901C0D662164CEAE33640E4C8034848EB68AB1117234EACBC5CBD14060A2E70C77B0D9EB5053846C8DBCA3DBFCAD8175FA1C64CBE2E6684F0E4C589C7E28FDDF7B3406B5D145E462D668178C0F4993266EF0A2311CA83035DA6AC546A1D15E57F04166B4AD0C174366B88B57F169B689402FA3ACF399D82EBA2DCD876E197883257D366D3A5ACA28AD4F0548D13E2D19EECCA53F0CF33E40FB82B73538498FA20D71B6218416E96955F84023E26FF9B3C5A95E64971340152EA496224412C99F4BE335C9965CDFE5051D3BCE488BCCE1C291C8846449DDC80AA14A64E8C6E298C884CBF37617A633E8894C58FF802832549CD08DA91C2A4526A14E5710D41E4B450A9F792B742203E2ACC8A45019BA657546629149C8D3BAC15BC3B4C880494A37AC42041719789118CB4DAC427C17D1E7643EBB4B03B253CBBFF094E3EE6B8839C60C904366A01AB4CC433652E5FC80AB4697A8CCC21F1160F38177863619C644498B873A5918ACECE5295E78F85BB4BB0C6ED3E490260BBC99F2B71E13696D3E6B979F05B161CB3CBFCDE6D078882AE062BA64737B1B9CA7AEB7ABCA7D217900D0004126B96215854B65256435B57FA9906EC24011A868BE153AA080ACC136C83F78C424DE0696FD8C74CA86D5F70AED6DE7655D780E3583747704DBECF3956BEF23DB8F0B8C9A1F7F621DDEF95F7FFE1F2A93AD9DA0A80000, '6.1.3-40302'),
	('201905311335563_v5', 'demm.Migrations.Configuration', _binary 0x1F8B0800000000000400DD5DC972DB4812BD4FC4FC038367B7684931D13D0EAA3B28D29A965B0B43A0D53127050896288CB1B0B1A8AD4FF237CC610EFEA0F985A9C25A1B80CA0250524CF86021ABF2652D59596B32FFFBEFFFCC7FF9EA7B936714C56E189C4D8F8FDE4F272870C29D1BECCFA669F2F8C34FD35F7EFEEB5FE61F77FED7C97D99EF94E4C39C417C367D4A92C387D92C769E906FC747BEEB44611C3E26474EE8CFEC5D383B79FFFEEFB3E3E319C210538C3599CCEFD220717D947DE0CF651838E890A4B6771DEE901717749C6265A8931BDB47F1C176D0D974877CFF28CF369D2C3CD7C645B090F7389DD841102676820BF8E1738CAC240A83BD75C004DBDBBC1C10CEF7687B312A0AFEA1CEAE5A87F727A40EB39AB18472D238097D20E0F169D128339E5DAB69A755A3E166FB889B377921B5CE9AEE6CBA8812D7F1106E325ED887A517918C4CCB1E95F9DF4D08F55DD5F35841C8BF779365EA256984CE02942691EDBD9BACD3ADE73ABFA1974DF805056741EA79749170A1701A43C0A475141E5094BCDCA1C7A2A0762EF872379DCC58F619CF5F718BAC79852E83E4F4643AB9C145B1B71EAAFA9FAABC958411FA070A50642768B7B6930445B8FB2E77286B41A1107291E4A3148AF50E8F9DE9E4DAFE7A85827DF27436C57F4E2717EE57B42B2945413E072E1E6A98298952A42A2B3425C9C26D84B8B6546734D226DBC80E76758B2815724F7ADB75160DDAD2CE8C6DD0175C155CC864F4CAAD702B3EACD07329887C6F5C5F5D514E462F62D188378BFB8145CD67B50953316C8B04CBDDA609D8C2D58CE64D1D167D6F7BA99EB1A3998D993B2CF4DC0B9D2FC02147F8BACBA98011E395C2CE2555B1BD12EE3C0C3D64076AFC58368A9E3599AFDCE00BDA69B09A991FB020EB298C1263D2880823828C98DB6A44999A5F612342D9229E933951D50A66998D5BBE6ADA865A3DF97C3FA2C5CB059A1850780E35272CEB766C4B1F5D1BEFBC40B6FC266C5D142AABE90A25B6EB294FD74576E3AAEAD891CEF45CB03576E3F1C94F4ADD089C2497CBD155E7CB9F1751E81B10B3197FA3F3EBC1485D7E3D18A8CB2208105A8D6F3A32398BD1C52CED280AE318EFD4C6AF125E0F3E938D03C00A3A2F9E1BEC5004625AE2125D63F39946A35789C0E326DCA6D8D08FBF74AA2461BA83E2787481BA5BE392EFA49D517912DBA3A43A47887F7793A7E2CC446D4E9373BFCA14B7E25BAEF5704EC8AD3621AECC4F885489FB6C3E2DB2AD1ADA862B6BD9A56FEFD50F36F2DCC6B568173A3A0BA582CDB45E60B117AEA1835B2C8B48009E34165C268F9647DA905E857B55DDC5598D2BAEBBCB0A0855DC82CDD4463421B84694817C14D750234B4AF1F2CECC08AC66797ED6079A0D3C48D691EB7F1EBDC485A0B6197350419BF16D4CE0B808EF1DEE6DCFC4023808D367E479A6C4394FB67F187ADDAB6C61AFED207DB49D84EC47D40C6DCD61DCDEE2B2A53A2BC892CFF45281C81DC14AA9772EE931E57E25FF19EFD24CAACEEAAF627C8D4E6D953B8C59F049FD5E53796E2377EF0628BEFD78A3AA42148B71450AD14DEA6F8919836A52CD695A95B6D98528235C69816FEEB43F26BB577801B5760592BD33B223E749A17F461D08EBC5DD7271A73A06F2DCAFB01559E3B6D2D98BE47CA63623969163D9F5F812EE6EC71772FFF1D7CBE5C3E69FEB8FE3DF2186C706648CFFACE862717E37FEA1F5EDD58FE30B19FA61944489437737FE89FBCDF9C3C1B31D64E06C7F7C1D5E8DAFC2D6F8B5B00CD4E27474119F3E1D835625D7D7B0FC8B052CFFA74F27C0F2C0F22F16A0ECD9E87E08507589B7428EEB93076CEB08FF553CDBC70B5BCBB1C95CDF0978673B7875FF107FFF66620EB73231B01EC87960AD4A4EF42A2990DBC08E9B4091E932780C1F56DFBF3D232F3C1C908F574C0FE38F7599D4F1873F817F700CDEC4E3CF7FA1F1EFAB7331069E4707C1F76FE861F7F0FD9BEFC6B18933F58F784DBF37D0530B0F7FA07BB7AAD1F94BD2BD145E59E38F94D58399E563F60224FAFE6D7C1B8AFE4851FB333DE56DF0E758FD8C98E435BE05D6394534F904DE0BF7EEF8A3F860C7F19F6134F401A5B29ADCA32772F4A3AA294576E3CA82CB1DBD643608AA3235A729C5B9BFBC19FFB8D9E0A9B601395D8F68077AFD972B2F91B242B113B9072397DFB872460E7FAF427BF74064684F1FCB30486CBC67880AC4DFD1767138102AFA9A484C049E370A2B111745640B98A35A28299712F939F37452172277E93DAABD56674A10B4175813189DA703B5F0A410900A7A0777F5C05DE0AF523A109A5E170A804D193BF0CB7765025E99D0C19F3D80119865AF69784EFAC25A00A013BB70F2BB511122A77770339763020693DA8154DE2E08206542077FBE2C13B87372076F35570BEC558A6CAC57A3BA4A9BCF726FFB82309F35B8E5CFAFEDC3011B2BCA4DBFA04CACDC477FF98305F761F7738C99134B5CD9ABD25692F06C8C95944BCDDF585FB8519CE0FDBCBDB589B95CEE7C211B6BC31A1AB894C59A297E5952377B99BF7CB72777A9E701EAE6BBC035223BFBAC72A82A06E5BD2FB04EC84F24D89E1D35DFDD2D432FF50381CC3FF7EDC4CA672B095A9E00C70BE568825B98025661EF2470524BA88AD858652A551DB9725EA3011B5CE1DA704407761A504C554766BCDB695026411DAF7EA64F83D5540D9D3969501AE184B00D8D765BA7D168BA88369F71E394B70433C11470BB12DEB240EC0EB56EE969819A91D44D511B46631FD22EEB4C27363BC277E155DEE83C5E9500C393150D5E2ACE4F5D006493A1D8B50FBB085CA741514BE77611B34C81214A6C67458521514EED3C1C9504C3CC37443C5C4E852189C6B2A6C2900AE773E9C8D0B095A0B9FF956C5BBE93D2B567526E051BD6C037F6BC4D3DF81291803ACC7A8BD3706C8A3A22EF124E63F269807286FCBA2CA7BC190D2CF7E2BA3AD8C0AFA0858D9C4D6D591C87D18D29F54E6FC3200EE23400F956E72E7DBF6984920641D9843CC60634924ABF6D1AA3A44150F872E414C03AB2F4B9661691251188B390C02C407D4B5FD4329D4C27A8E3956ED13454495347A93DA519C5ADA880FA51EED34CF528BA3A1A19CE9487340DC825817A80F383E6BA814B7D8D9D14E5022D8392EEA35EC936371C6BEA9A6A353805CBAD0AD466C857A22197F8603763508ECDB2451E08ABF46EA6814ADA9B5186E24C5AB7F3E5EC0A9DDDC4D8D498854333DD9652D7E80E8CDA3B9943AA134078A45524E52AC9602C69D9EA84FFCBDD0AB9D9D0D53F09AF82F249B99A5AB2F048A65B51EADBDC8641B919D33814591D8B7C148EC434164556C7AA5D8569A89A0AD0DFEA9D1FA3BC0DAFFFDA906A6760C692575430123F27545430D2468AB4018D4BCE5F97199C5C9A3A2AEF964BA3F269805A17DEB74C9D0BDA9BB11ED4B5A6AE11698650B0256DCC4D0D5BFADCD20D2BF7DFED4211076F4D7D3B5D945D1B6BF78E8C5BA563E47C4DAD59F9CCD28DD9E081DBD9B73B49DFC2506A0F5706A826BF99DEA52FF475FBB80543A1A75BB91BA7D1CA739299451B3C65DB90184F55E608924E789D034DDA479506A3E9E32E2A1B77479CFF2AB34BE2D2DE8CAE17EF4E74D55CCEAEA0E14D8CCD6BD6DC73955DB4CABC60DBBB4838F3B2A0A75D6B967F0DE2CDFC4819F68CA28E403B89D238341D72EA7ECC1FBA1FC3F84F787ED0FD7AFE009F06C8298093B4CC3993393DCB280004EE6E7F29BDD36FECD1DCA992E9D29C0468C5DA659269CB9A0C38B5E33A7405EACF157FD807EA4D8B936D81645B9C6C0B26FB94E33E857067BE85347B4650E7CF7C0D9965D635883FF33D640EF51720FECC17912D3FA8F532DF44B6FCB07732FC9D04E83E82725D14C6514E56C7E2BC16693C2E09A05BA56F22A36025118AC3AB7949849DCCF3C33C27C1302427FBA072347838D2980D59FAC938E99601AA87E8BDC85FF2B0A900CD2EDC1419B52E68509413190C6C944ABC0CB99B44215D1DBD7228A4212B22A094B5C32053B89A0C582D113F426699440800ED2B7D04197D2B89803546ED03C82C356A32640D5B7AF9B1CBD892FA66B616D9A374DD8D858C59615B21676BEC5E6EDB07DBEF151E7E344041823CA42DFDF7D857B425F5CD7466E922A0DB9F0DFC0A5DDAC8D96C884A973DD612C95D00DB9032573CC67C5C0A2E1E6DFC039E9C0930F073BC219E0535F9C0314F3F1AF2804A2A9E165544751CCAA58D46A2C886C797E053C367A9A41794EABBF2A929FC59BAE35F0A0E2E7916F27B20E1B3BB23CE2DD72FD61FDE11493FCAFE5C7A2E220F59CA1CD776E03EA238C99D6FA77F3BFA918BA4F976A25ACEE278C79C8DB784B664FBCB78B449973471A793B0DEEFD7E7232497E385C13EF7BCACB1B4E247F60462C2436695D78719A27E5C6C288D12354586D48092C489D4AD171FEB825C5527D95535F50B40EFB5B5E1A46FF9C418906A483D423CEA8CF481832D8E33DAC5F88A3A038B89B6C801F48BB5B80D434FAB3842E0457D24360AA32ECE2016551671B10F18EDA6DF076708B3238443EC395D40341218EB50C31C0C158170143320FC32B06ED3CB620AEA62C943066A98273A8060273B389CA0862E0C11E22F782617C17624FEE0B476043FDD8E6203F4E9A36C7A2F14D9F07AFA28FD4BC205C7EB05B3E88B22096DA70BC546AED3188C7C1C3B0D0831AA9D6E6D38BF8BDEAD2C8D49F7B696E142403A1DD8BEE1EA346DA6D9987183595821249CCE0A990D0837F08647E672602E08DB600D2D89B1A63BF884106A1A764A1250ED2D2E698527FFE6A2988DB298150297E9363AF960E292E902F161C7B495928B2AD66DBAB5628CE9168F0F21D61367D37BD0480380E9A2C9E37B69D79109DF35B0396F7A786F325CD660469D8F8635745B896FE1CD86A01AB4A16A585DC51402480DDCDE8D2FD24DC76B1AACDD25E19834160B831D9B88B197F4AF4AFA1DEACAE3300DAC4FB2F7DF26631F8DB284B186D8AAAF7B0350C18A7431C45844DA478B75A8217D88DE774FF42FBD6B1F14507180B43180775F92DEA5A3F868B7281FA447FBB0A377E7AE7AF7ADD5BB0C56FF329CF645A0C2DB68187E2AD88D063715FA46839B0A84A355F23EDC75901C0D662164CEAE33640E4C8034848EB68AB1117234EACBC5CBD14060A2E70C77B0D9EB5053846C8DBCA3DBFCAD8175FA1C64CBE2E6684F0E4C589C7E28FDDF7B3406B5D145E462D668178C0F4993266EF0A2311CA83035DA6AC546A1D15E57F04166B4AD0C174366B88B57F169B689402FA3ACF399D82EBA2DCD876E197883257D366D3A5ACA28AD4F0548D13E2D19EECCA53F0CF33E40FB82B73538498FA20D71B6218416E96955F84023E26FF9B3C5A95E64971340152EA496224412C99F4BE335C9965CDFE5051D3BCE488BCCE1C291C8846449DDC80AA14A64E8C6E298C884CBF37617A633E8894C58FF802832549CD08DA91C2A4526A14E5710D41E4B450A9F792B742203E2ACC8A45019BA657546629149C8D3BAC15BC3B4C880494A37AC42041719789118CB4DAC427C17D1E7643EBB4B03B253CBBFF094E3EE6B8839C60C904366A01AB4CC433652E5FC80AB4697A8CCC21F1160F38177863619C644498B873A5918ACECE5295E78F85BB4BB0C6ED3E490260BBC99F2B71E13696D3E6B979F05B161CB3CBFCDE6D078882AE062BA64737B1B9CA7AEB7ABCA7D217900D0004126B96215854B65256435B57FA9906EC24011A868BE153AA080ACC136C83F78C424DE0696FD8C74CA86D5F70AED6DE7655D780E3583747704DBECF3956BEF23DB8F0B8C9A1F7F621DDEF95F7FFE1F2A93AD9DA0A80000, '6.1.3-40302'),
	('201905311346389_v6', 'demm.Migrations.Configuration', _binary 0x1F8B0800000000000400DD5DD972E3B8157D4F55FE41A5E71EAB6D576A265DF24CC9929D71C78BCA547B2A4F2E8A8465A6B968B878EC4FEA6FC8431EFA83F20B014882C4461200495849F5435B00EEB9582FB15D9CFFFCEBDFF35F5E037FF202E2C48BC2B3E9F1D1C7E904844EE47AE1EE6C9AA54F3FFC34FDE5E73FFF697EE106AF93079CEE14A583926172367D4ED3FDA7D92C719E4160274781E7C451123DA5474E14CC6C379A9D7CFCF8D7D9F1F10C408829C49A4CE6F759987A01C87FC09FCB2874C03ECD6CFF2672819F94E130C6CA5127B7760092BDED80B3A90B82E0A848369D2C7CCF8659B080FF349DD86118A5760A33F8E94B02AC348EC29DB58701B6BF79DB0398EEC9F6135066FC539D5CB60C1F4F501966B5208672B2248D0245C0E3D3B25266ACB856D54EAB4A83D57601AB377D43A5CEABEE6CBA8853CFF101AC3256D9A7A51FA38454CD1EE1F41F2628F443D5F2B083A07F1F26CBCC4FB3189C85204B63DBFF3059675BDF73FE0EDE36D157109E8599EF93598299827154000C5AC7D11EC4E9DB3D782A336A178AAFDCE964468BCF58F94A9A172D0A7415A6A727D3C92DCC8ABDF541D5FE44E1AD348AC1DF4008623B05EEDA4E5310C3E6BB72415E835C26C42AD10FAC14F63B3876A6931BFBF51A84BBF4F96C0AFF9C4E2EBD57E0E29032235F420F0E352894C61990D51599D264C13A024C5DCA0B1AA9936D6C876E5D235299DCA1D6F69C45436F69178636E82B2C0ACC643A7AE156B0161F57E0052B42BF375E20DF514E46CF625989B78B878155CD67B50993316C8B14EADD66A9B285AB05CD9B3AA8FAC1F6333D63470A1B337750E9B91F395F15871C92EBCEA7044602670AAE878A62FB18EE3C8A7C608772F25037885F3485AFBDF02B703544CD7C1FA022EB398A5363DA900A238A8C98DB6A4499FABEAA8D08558B78177B3B2F54B4868590714B1881DB2CD88298ADB8D619E24ADD68D67A1A5BF8F8E427A91656B55E75A64768F273340D926DEA3CB1F126AE666AAA6D269EE28DF8912B149AB0A170DA644E59DEECF0F3F9E4D970B1ADF4F9BE8D5AD701D2DD740552DBF3A567686572E35DD5B1639D19592966DAB22C97A3779DAF7F5CC6516040CD66FCB5EDAF7B2365F9756FA02C8B30046035BEE9C8F52C4657B3B4E3384A12B8381FBF487009F082D68A0A56D079F3BDD0AD270F52424B98A31B683EB3B639C7304542F0B00AB71934F4E3CF962B4D30DC014932BA42DDDD102C77D22E28FD11DB81B4DA3A4A7EF3D2E7729B4CEE9B26967E974F1C377F1E7AB65D2AF99F986AF330165A490F6DC3A57BD95560EFE4F7B28AD4C67B911B393A13A552CC74BF806A2F3D437BF55017D2A0B8B95C4A993C4D18690FE23ADAC9F65D98D478C7F5DC3C83AA1DB71433B5104D11AE91CE807E94278F236BCAE0F4CECC08ACBEF2EC575FD16CC041B28EBDE0CBE8392E15B57D310755B419DFC6848E07E0DAE1C1F64D4C80C3287B01BE6F4A9DF36C07FBA1E7BDD216F6C60EB327DB49D17A44CED0D612C6ED2DCC5BA63383C472A6A70A48EF08564ABE71518B49B72BFACF7893E65A75667F95E07B346AABDE61CC4280CAF79E9DA738C301C9DDC5AD6C1722440EE6ECE7904F73B6F91938A55C6A826F6EB73F41AB57F50C6AAD0A046B6760C7CEB344FB8C3A10D68BFBE5E25E760C14A9DF6129B28675A5B31629E44C2D462C23DBB2EBF135DCDF8DAFE4E1E2D7ABE5E3E61FEB8BF1CF10A363033AC6BF4976B938BF1F7FD3FAEEFAC7F1950C7D174ED08923CF1D7FC7FDF6FC71EFDB0E30B0B73F7E1F5E8DDF85ADF14B611928C5E9E82A3E7F3E569A95DCDCA8A55F2CD4D27FFE7CA2981FB5F48B8552F27C743F86A03AC45B01C70BD09DC5750CFF2A3D35E0C4D6726CF4ADEF04BCB71D38BB7F4CBE7F33F10DB772356A2D50C8A8D52ADAD1ABB4A89C06769C04F24257E153F4B8FAFEED05F8D17E0F0238637A1C7FAC8BB48E3FFC11FCA363F0241EFEFC2718FFBCBA5063E0467C187EFF061EDDC7EFDF022F494CECA95FC039FDCE404B2D7CF8033C785589CEDFD2EEA9F0CA1A7FA4AC1ECD4C1FF31B20F1F76FE3DB50F07B06DAAFE9492F83BF24F27BC428ADF125B0CE2EA249AF073FDA79E38FE2BD9D247F44F1D01B94D2DDE4013CA3AD1FD99E522637DE5960BEE3B7DC06A976995AD254C779B8BA1D7FBBD9E0AEB6013D5D976807BAFD57745EA465051227F6F6460EBF61E18C6CFE5E47B6FB8874687F3E965198DA70CD109788BF81ED62BF47A1E035159808F8DD28AD44526691CE60816A81144F258A7DE6E9A4CE44E1C57D543B2ACFA42048C7BF2630328D1C6A7120D20289BD6B3AE04AC70C0EA50CEF90AEEECB73F2554C0742D365450EB02961073EBEA6C6E1E1880EF9FC3E0D272CBA9CC34A92E7DF1C0019D985531CB5F2104578873475D6C66150B11D48F8B08203C1111DF2C52C8F932E823B64AB4F3F275EC5884C476524AAB8F9AC78AFA10C98CF1A1E7698DFD8FB3DB47DC4430F65C8C42A5E7958FE60A9BF821014183327113C8650E5B6D2043FEEB09332B1C595ED4B2F4ED2959DDA5B1B59DFA51B70C96893D850C158176DF5D8594E5DED383DBE06287E948105A8ABEF1296086D14E48503553688F71F38D1097A64C3F6EDB8F9287019F9591072C1ECEDE14EACE2E327402B22D4F122311AE765268155DA3B019CD012CA22361699889547AE7CE148C006CFBA361CFE090412908F9547A6DE472041A90879BCFAD63F0956876AF49993864EC36D38B6A1910F1F906864388F369F31E394B50433CE14308B1CD6B2A8D81D621AD4D3023523C99BA2368CC636241F3DA01AB1F929852EBCEA3D0316AF8A50C313654D3D57CC4B071C201DAD8A5DBF82C003D771AAA8F879041E13C7A8210A6C6715AA86443C8BC0C211516A98C5FA8A852B42D59078635987AA2195CF1708478686AD54FAF6BFAF6DC30BB69E86AD5CD6691BB526F9A68AAEAF4891F5DCFC1C427793ADC44D2670F67AB7262B16BFBA2D25949668A106B9B1A75AC4953F1E49D1ECD0EF059070748C3C22FB280089C9C629E43362A7D245C8C1F440BC7DA2DB071BE4257A61A364535D961BA264650ADF2768C3404F049000E8B7BC34F6FE271170980ACA266231364A23097BEE9318384C0585CD4711A230F5C75EF7D4BC1F072AE22C04300BA5B6258FEAA9462623E4F1B0633C0985C3E4516A5F79AAE356A10AE5231CE8A9E211E1F2686838133EF2242013A5D4028C273CD30C4CEC7B2C7E092778119470E9FB4EB6B961275AD754CBC149586E59A03643BEE20DB9706236E424AF090BFBB7934038EC603A43798CA0DBF8627189C66E126CAACCD2A59DAC4BA1737C0746ED9FCE20D5114A78A85604F9C2C1CA58C2BCD511FF970B4C7418A5DBFF04B2129D4F28D55493A54F3A598B42EFF6360CC2D19CC42182E5B1D08FD2959C5AD2D6C1F258B5B3380955872AF4DFEAA627D5791BEE7FB621D5EEE09425AF429591D86F4215AA8CB411226D94C625E3B14D0D4E264E1E9575CC2651D938855297FED75499CBB083B11EC449B4AE11698690B0256DC24D158BBDAEC98A157B7077A1F083B70E3D9C26CA4FFAB55B47242DD33062B9A6DAACBCA6C9CA6CF0C1EE6C5B57D0B66A28B58F330554071F4CEB92773074DBB80543A2A55BA5C7DF18A67C95A92D4832E27D3634492F65128C0C1F7752D9B83A623C98A955121377307DBDBC2AA4DBCDC5E2123DBC49B079CE5AF82ED39356911F747B13717B5E96EA6ED79A965F2BC9E69EC494781E228F40BA09933864B8CAAEFB31BBE97EAC267FC2CA2B5D89285C304880224461272D77CFA576CFF2100504E63AC652780DA3B1450BB75AAA498B20855AAC9D66A9BAAC831576ED98065D29B5E78ADDEC536A4D8BD16D29E9B618DD969AEE5346FA54453AF72E25C5F30079F9DCDB949A66DD28C9E7DEA7D4A6FE42493EF746A5F3AF547BB9772A9D7FB5AB4DEC9984D27904E1BCCA8DA322581E8BF15B25F1982885BE85BD53A90E86035571D86E8E03D576E6D9615E04A9610876F695F2D1E0E34A623624E9A7E3A45B87523978FF55F690878E55E8D9A5A32AD5ADCB30559413118CDA2815F8993227895CBC3C7AE5524A4256810AB9AC5D46A9CCD5C10AB325E4494A4D93508042EFC35EA2547FC3810A738CDA0B949A6AD4C12A7358ECE7494F6371E8C12C2D723F02DD85854858625921166B6C5E66D9A7B6DE2B7D3C49803248E5EE33F6E0A42F3EE3D083694CECD5A1DB9E0DF2124DDA28D96C88B0D3266D89C44EA06D48B93326653EAE38AF9C36F90177CE3818F57DBC21AE0535794152573F1AD228E594DF2DAA02E57108A746128908363CBE3837283649A5BD0CA97E576E50A50B5237E92DE7935424412FC2442F9E8BFC916EDEACDFFD23147F94FFB9F43D802EB2E0143776E83D81242DDCAFA77F39FA91A1CF3D1C2ADB5992B8D4DE780B9F2DDD5EC629663D54C59D6EE27A0C06C50829F4F851B82B7C6F6B2C2DD2D89E4014276C5E787D9821CAC7B08369E4A8890E56034A400EAB5B2E96ED041D55A7F95135F106D447EDDE70D2377F3CF1AB1C520F5E579D913E30C3EA38A39D2755D5195814C52A03D08F60751B45BE567638B6557D249A7A551767108B2AA259ED03463ED4D0076708B3C371A0F6FC5CA8F4484D82530DB3F05E74A3E10B3A38B463FE89EABE144703D6AEC04FC62CC3E72846967B795BB7638B383B75B1C4949C1AC69F24E8EC1457A6EBD4E80B4350680E365A6A864CDD86A20930F55136BDA7E1347DA53E4AFF9C30E493BD60167D5104D491BA503433A4C660647922352078D648DDD2305E2DBD6B59C8F978588B1C8EF05107B62F1DA4A6CD34CBC9F89EF3111E84265C1C78392972E83047723858450B380C75071F4751A861A704848587B860E01C2ACCB1048E3299E58801752B1DFDA078FF7481585A3FED4EC9B0F6759B6E2D0E3FDDECB1147D3D7136BD078D90604F174DCC9FA75D468A1E6F6073DEE4D660928E6E30A3CEB2CD0D5D57BCA781598AB7412BAA86D5ED981C41DBC0F5DD78DFDF341FDA60F52EA03BD3982C0CB66DC2739BE91F44F5DB3217F39C0DDC9F44B7EB4D728B8D3285B18658AAAF7B03106460BA183CD797F6D6624DE5A50FD1FB648F6452D0DE282078B6B431144F1605AD4BB26469D7284B82A5BDD9D1BB7157BDDBD6EA9D07AB7F1E4EFB2210F4511A869F2093D29026A8A534A409A229AD9CF791AE49A83484394A2AB793924A4D8190A24ABB8BD10C541AE565F8A834102876AAE136367B6D6AF290ADCC56BAD5DF4A5CD567235BC44BA5FD71A068A7FAA1F4BF4DD3481AA58BC8704269678CA57CCA522F7CD3180E040D9476B7A2599EB4E7152C8993B69561389A863B78E52FBE9B20521A659E4F7127E9D6344B8D34F0024B7829DD341BD128B54F101069EF960CB7E7D21F86BA1FA07DC0DB4AFED3236B43EC6D70D43D3DAD0A4BE4C3935BD0D9A9EEBBE30F4045C7536BE1987A8ACBE8704EB245C7774546C7E6F169D1A94BF7D3CDF6D3A2B4620CEAD0D8C10824D2904775234BB00589D08D510989948BD37667A6937748A4AC3F279108154674634AB3158934D4F1128ADAE98C84F0B9F74927B202D591480B91A05B57271992484311D70DDECA9424024631DDB012244A22F03232111B75098A25DE87683EBBCF42B4362C7EC18F9CB7AB21E61033040EFAE6D5A0380D5ABAE12F122C1A99239C84DD9480E603AE456D348C51272DAF06E5C476F94D6238D509B6C0BD0AEFB2749FA50BB87C0BB63EC59D389FB5EBCF79A4E83CCFEFF2AF7632441160363DB49CBE0BCF33CF77AB7C5F0AAE1C3440A0CF6A396F83B9B252347FDBBD5548B75128095456DF0AEC4188667D1B10EC7D6412EF42CB7E013A7983DDF71AEC6CE76D5D7A8235837437045DEDF39567EF623B484A8C5A1EFE847DD80D5E7FFE2F4484E56765AE0000, '6.1.3-40302'),
	('201906022048576_v61', 'demm.Migrations.Configuration', _binary 0x1F8B0800000000000400DD5DD972E3B8157D4F55FE41A5E71EAB6D576A265DF24CC9929D71C78BCA547B2A4F2E8A8465A6B968B878EC4FEA6FC8431EFA83F20B014882C4461200495849F5435B00EFB9582F2F96CBF39F7FFD7BFECB6BE04F5E409C785178363D3EFA389D80D0895C2FDC9D4DB3F4E9879FA6BFFCFCE73FCD2FDCE075F2809F3B45CF41C930399B3EA7E9FED36C9638CF20B093A3C073E228899ED223270A66B61BCD4E3E7EFCEBECF8780620C414624D26F3FB2C4CBD00E43FE0CF65143A609F66B67F13B9C04FCA749863E5A8935B3B00C9DE76C0D9D4054170543C369D2C7CCF8645B080FF349DD86118A5760A0BF8E94B02AC348EC29DB58709B6BF79DB03F8DC93ED27A02CF8A7FA71D93A7C3C417598D58218CAC992340A14018F4FCB4699B1E25A4D3BAD1A0D36DB056CDEF40DD53A6FBAB3E9224E3DC707B0C958659F967E8C1EA45AF6083FFF6182523F543D0F0708FAF761B2CCFC348BC15908B234B6FD0F9375B6F53DE7EFE06D137D05E15998F93E59245828984725C0A4751CED419CBEDD83A7B2A076A1F8CA9D4E66B4F88C95AFA479D1A24257617A7A329DDCC2A2D85B1F54FD4F54DE4AA318FC0D8420B653E0AEED340531ECBE2B17E42DC81542AC12FDC04AE1B88373673AB9B15FAF41B84B9FCFA6F0CFE9E4D27B052E4E290BF225F4E0548342699C01595D91294D166C23C0B4A5BCA09136D9C676E8D62D2255C81DEA6DCF59348C9676616883BEC2AAC042A6A3576E055BF171055EB022F47BE305F203E564F422968D78BB781858D57C569B3019C3B648A1DE6D962A5BB85AD0BCA983AA1F6C3FD33376A4B0317307959EFB91F35571CA21B9EE724A6024D053703D5415DBC770E751E4033B949387BA41FCA2297CED855F81AB216AE6FD001559CF519C1AD38654185164C4DC5633CAD4FB556D46A85AC4BBD8DB79A1A2352C848C5BC208DC66C116C46CC3B57A882B75A359EB69ECE1E3939FA47A58D57AD5851EA1CBCF911B24DBD5F9C3C6BBB8F2D454FB4CECE28DF8922B149AB0A1D06D32A72CEF76F8FA7CF26CB8D8567A7DDF46ADEB00E961BA02A9EDF9D21E5AF9B8F1A1EAD8B18E47568A99B62CCBE5E843E7EB1F9771141850B3197F6DFBEBDE485D7EDD1BA8CB220C01588D6F3A723D8BD1D52CED388E92042ECEC7AF125C02BCA0B5A2821574DE7C2F746BE7414A68094B7403CD67D6E6730C5325040F9B709B41433FBEB75C6982E90E4892D115EAEE8660B9937641E997D80EA4D5D651F29B973E97DB6472EF34B1F4BBBCE238FF79686FBB54F23FE16AF330165A4977BA9D5A43E82AB077F21B55C5D3C687881B393A5E502966BAD3A1DA4BCFD0463CD4853428EE1C9752268F0A46DA60B88E76B263173E6A7CE07A6E5E40D5815B8A995A65A608D7C860403FCA63C5913565D077333303AB5738FB4A57341B7092AC632FF8327A894B456DAFC341156DC6B731A1E301B83078B07D13DE6D18652FC0F74DA9739EED603FB4532B6D616FEC307BB29D142D36E40C6D2D61DCDEC2B2653AEE219633ED2A20BD235829F9CE453D26DDAFE83FE35D9A6BD5F1FE2AC1F7E8D456BDC3988500D5EF3D074F71400392BB8B5BD92144881CCCC1CE211FD56CF3036E4AB994836F6E2B3F414B53F5026AAD0A040B6360C7CEB344FF8C3A11D68BFBE5E25E760E144FBFC352640DDB4A672D52C8995A8C5846F65CD7E36BB8BF1B5FC9C3C5AF57CBC7CD3FD617E31F1046C706748C7F4DEC72717E3FFE8EF4DDF58FE32B19FAA29B6010479E3BFE76FAEDF9E3DEB71D6060E37EFC31BC1A7F085BE3D7C232508BD3D1557CFE7CACE495DCDCA83DBF58A83DFFF9F3896279D49E5F2C941ECF67F76308AA13BA1570BC005D485CC7F0AF320C033AB69663A3777D27E0BDED40EFFE31F9FECDC43BDCCAD5A8F54021A3D6AA6847AFD2A272D4D771CCC70B5D854FD1E3EAFBB717E047FB3D08A0C7F438FE5C17691D7FFA23F847C7E0313BFCF94F30FE6174A1C6C075F730FCFE0D3CBA8FDFBF055E9298D853BF803EFDCE404F2D7CF8033C78558DCEDFD26E5778658D3F53568F66DCC7FC7A47FCFDDBF83614FC9E81F63B78D2CBE02F89FC1E317AD6F812586717D16448831FEDBCF167F1DE4E923FA278E80D4AE961F2009ED1D68FEC48291F373E5860B9E3B7DC06A90E995AD2D4C079B8BA1D7FBBD9E0AEB6013D5D376407BADA570C5EA465051227F6F6460EBF61E58C6CFE5E47B6FB887468BF3E965198DA70CD109788BF81ED62BF47A9E035159808F8DE28AD445216912E60816A8114BB12C53EF3745217A208D13EAAA39067521064545F1318F98C1C6A7120D2028943673AE0CAA80B0EA54CEF90AE2EC373F2554E0742D34D440EB0E9C10E7C7C4D8DC3C3191DF2F97D1A4E587439879524CFBF390032B30BA7386AE5218AF40E69EAAC8DC3A0723B90F061050782333AE40B2F8F932E923B64AB573F275EE5884C476524AABCF9ACF8184399309F357CB5617E63EFF7D0F6115F7128532656F10987E50F96FA270E820263E624822F1D54A5AD34C1973B1CA44C6E711FFBD28B937465A7F6D646D677E906DC63B4496C6860AC8BB67AAC9753373B7E1E5F03147F718105A89BEF12D6086D14E495035531888F3B70A213F4050DDBB7E3E6A3C065E46741C825B357833BB18A979F00ADC850C78BC4685C0899045669EF0470424B288BD8586522571EB90A7423011BC2E6DA70F8EF1B90807CAE3C32F5F1031294CA90C7ABAFF4936075AAC69839691834DC86631B1AF95503128D4CE7D1E633669EB29660C699026691C35A1615BB43B8413D2D503392BC296AC368EC43F28B065427367F27A10BAFFA58018B5765A8E1898AA65E2AE633061C209DAD8A5D7FE28007AEF35451F1B70F784C9CA38628B09D55AA1A12F1CD03168EC852C32CD6572C5C91AA86C41BCB3A550DA9FC3681706668D84AA577FFFBDA36BC60EB69D8CA659DB6516B926F6AE8FA8A14D9CECDDF3AE8EEB295B8CB04915CEFD665C5E257B7A784D2123DD42037B6AB455CF9E39114CD0EFD3100128ECE91476423FE494C364FA19C11EB4A1729073302F1F689EE186C909718858D924D6D596E88928D29FCF8401B068AFF2701D06F79691CDA4F22E03415944DC4626C9466120ECB2731709A0A0A5B8E2245C1F5C721F594DF8F1315711602988552DF9247F554279319F27838EA9D84C269F22875203C3570AB5485FA11D1F154F588747934349D8900781290C952EA0126CC9DE90626F73D16BF4484BB084AB8F47D27DBDCB013AD6BAAE5E0242CB72C509B215FF1865CE8980DE9E43561E1E0751208A71DCC60288F11743B5F2C2ED1D94D824D8D5986B4936D290C8EEFC0A8E3D319A43A43090FB58AA05C3859194B58B63AE3FF7281890EA374C79F405662F009A59A5AB28C49275B5118DDDE8641049A933844B23C16FA518692534BDA3A591EAB0E1627A1EA5485F15BDDF4A4066FC3FDCF36A43A1C9CB2E455AA3212FB4EA85295913642A48DD2BC6422B6A9C9C9E4C9A3B281D9242A9BA750EB32FE9AAA73997630D6833889D63522CD1012B6A44DB8A96171D435D9B0E208EE2E147EF2D6A987D345F949BF76EF88A4653A462CD7D49A55D434D9980D31D89D7DEB0AFA560DA58E71A680EAE483E95DF20E866E1FB76048F474ABF4F81BC354AC32B5054966BCCF862619A54C8291E9E33A958DAB232682995A2531790733D6CBAB42BAC35C2C2E31C29B049B7DD6227699765A4571D0ED5DC4ED7959AABB5D6B5A7EAD249B471253E2798A3C0219264CE290E92ABBEEC7ECA6FBB19AFC092BAF7425A208C120018A14859DB43C3C97DA3DCB53141098EB184BE1358CC61E2DC26AA92E2D92145AB10E9AA5DAB24E56D8B5633A74A5D49F2B76B34FA9372D46B7A5A4DB62745B6ABA4F19E95315E93CBA9414CF13E4E5F36853CACDBA5192CFA34FA94DFD85927C1E8D4A975FA9F5F2E854BAFC6A579BD83309A5F3082278959B4745B23C1613B74AE231590A630B47A752030C27AAE2B0C31C27AAEDCCB3D3BC4852C310ECEC2B95A321C695C46C78A49F8E936E1D4AF5E0E357D9431E3A5761649781AAD4B02ED354514E44306AB3541067CA9C2472F9F2E85548290959252A94B20E19A50A57272B784B28929472935082C2E8C351A2D478C3890A3E461D054AB91A75B28A0F8BE33C693716A71ECCD2228F23D05D58888425961562B1C6EE65967D6AEBBD32C69304289354EE3EE3084EFAE2334E3D98CEC4511DBAFDD9202FD1A58D92CD8608076DD296481C04DA8694076352E6E38A8BCA69931F70E78C8351DFC71BE25A5053142475F5A3E119A592F2BB4555A23C0E11D4482211C986E7171706C53E52692F53AADF5518541982D4CD68CBC524158FA02FC2442F9E8BE2916EDEACDFFD23947F94FFB9F43D802EB2E0276EECD07B02495A845F4FFF72F423C38D7B383CB5B32471A9BDF116B25ABABF8CF3C77AA8893BC3C4F5E8098A1952E8F1A37057C4DED6585A8CB03D8128C2D7BCF2FA3043D48FA1FED2285113D7AB069480F955B75E2C95093AAA4EF3A36AE21B501FB547C349DFF2F1ACAE72483D485B7566FAC0F4A9E3CC769E3155676251FCA90C403FF6D46D14F95AC5E1A854F591685E555D9C412CAA8843B50F18F9A1863E3843981D8EE0B4E7EB4265446AB2976A9885F7E2120D5FD0C1A11DF39FA8EECB5F3460EB0AE264CCD2778E6264B92F6FEB0E6C1121A72E96986F53C3F893EC9B9DE2CA5C9C1A6361087ECCC1664B4D7FA9DB5134BBA53ECAA6B71B4E7353EAA3F42F09C32CD90B66D11745C00BA90B45D33E6A4C469604520382A784D4AD0D13D5D2BB9585848E87B5C8E1D81C7560FB723D6ADA4CB3848BEFE98FF020349BE2801E8D2898C31CC1E1608D2CE02FD49D781C3DA1868D1290151EE262810BA630C710388A23CB9102EA363AFA4171FEE902B1947EDA839261ECEB36DB5AFC7DBAC563E9F97AE26C7A4F1A21B99E2E9A983B4FBB8E1435DEC03B834D210D26A9E80633EA2CD3DCD06DC5471998A5771BB4A16A58DD81C991B30DDCDE8D77FD4D73A10DD6EE02AA330D6761B02D139ED74CFF10AADF76B998E36CE0F124BA596F92576C1417C61A6299BEEE0D401081E962F03C5FDADB8A358D973E44EF533D9245417B9380E0D8D2C6503C5514F42EC990A5DDA22C0196F64647EFCE5DF5EE5BAB7719ACFE6538ED8B40504769187E82484A439AA095D2902648A6B44ADE47BA26A0D210E6E8A8DC4E3A2A3505427A2AED2146B34F69D497E1A2D240A098A986DBD4ECB5A1C943B6B25AE9367F2B69559F4D6C112795F6CB81A29CEA87D2FF264D2361942E22C307A55D3096EE294BBDF04D633A101450DAC38A6678D2F62B5802276D2BC3F0330D77E8CA5F7A3741A2348A9F4FF126E9B6344B8B34F0024B7821DD3413D128AD4F900F69EF960CB7E7D21F86BA1BA07DB8DB4AFCD3A36843EC6D70B43D3DAD0A4BE2C3135BD0C5A9EEBAE3174045C5536BE1587A8A8BE8D027D9A2A3BBA2A06373F8B4E8D4A5FAE966FA69515AB1057568EC60031269C8B3BA9125988244E8C6688444CAC5CF7617A6937348A4AC3F1F9108156674634A33158934D4F9128ADAA98C84F079E44927B202CD91480BF140B7AE4E2224918622AF1BBC952549048C72BA6125089444E065662236EA12F44A7CFCD07C769F85686D58FC822F396F5743CC2166081CF4CEAB41F13368E986DF48B06A6489F023ECA604341F702D6AA3698C0669792D2827B5CB6F11435727D802F72ABCCBD27D962EE0F22DD8FA146FE27CD6AE3FE790A2CB3CBFCBDFDAC9105580C5F4D072FA2E3CCF3CDFADCA7D29B872D000815EABA5DF064B65A5C87FDBBD5548B75128095436DF0AEC4188BCBE0D08F63E328977A165BF009DB2C1E17B0D76B6F3B62EA3C09A41BA3B826EF6F9CAB377B11D2425462D0F7FC231EC06AF3FFF17C01974D43EAE0000, '6.1.3-40302'),
	('201906022247014_v7', 'demm.Migrations.Configuration', _binary 0x1F8B0800000000000400DD5DD972E3B8157D4F55FE41A5E71EAB6D576A265DF24CC9929D71C78BCA547B2A4F2E888465A6B968B878EC4FEA6FC8431EFA83F20B01B86223098024ACA4FAA12D80F75CAC9717CBE5F9CFBFFE3DFFE5D5F7262F308ADD30389B1E1F7D9C4E6060878E1BECCEA669F2F4C34FD35F7EFEF39FE6178EFF3A79289F3BC5CF21C9203E9B3E27C9FED36C16DBCFD007F191EFDA5118874FC9911DFA33E084B3938F1FFF3A3B3E9E410431455893C9FC3E0D12D787D90FF473190636DC2729F06E42077A71918E72AC0C75720B7C18EF810DCFA60EF4FDA3FCB1E964E1B90015C182DED3740282204C40820AF8E94B0CAD240A839DB54709C0DBBCED217AEE0978312C0AFEA97E5CB60E1F4F701D66B5600965A77112FA8A80C7A745A3CC5871ADA69D568D869AED02356FF2866B9D35DDD9741125AEED41D464ACB24F4B2FC20F522D7B543EFF6182533F543D8F0608FEF761B24CBD248DE05900D32402DE87C93ADD7AAEFD77F8B609BFC2E02C483D8F2C122A14CAA31250D23A0AF7304ADEEEE1535150902BBE72A693192D3E63E52B695E34AFD055909C9E4C27B7A82860EBC1AAFF89CA5B4918C1BFC100462081CE1A24098C50F75D39306B41AE106295F847A9148D3B3477A6931BF07A0D835DF27C36457F4E2797EE2B74CA94A2205F02174D352494442994D5159AD264A136824C5BCA0B1A69936D0402A76E11A942EE706FBBF6A261B4B40B231BF4155505153219BD722BD48A8F2BF8522AC2BF37AE2F3F504E462F62D188B78B878155CD67B50993316C8B04E9DDA689B285AB05CD9B3AA4FA0178A99EB123858D993BA4F4DC0BEDAF8A530ECB7597530223469E82E3E2AA00AF843B0F430F82404E1EE986D18BA6F0B51B7C858E86A899F70352643D8751624C1B5661449111735BCD2853EF57B519A16A11EF2277E7068AD63017326E0943789BFA5B18B10DD7EA21AED48D66ADA7B1878F4F7E92EA6155EB55177A842E3FC76E906C57670F1BEFE2CA5353ED33B18B37E24B2E5768C28622B7C99CB2ACDBD1EBF3C90568B1ADF4FABE0D5BD701D2C3740513E07AD21E5AF1B8F1A16A8348C7232BC44C5B96E572F4A1F3F58FCB28F40DA8D98CBFB6FD756FA42EBFEE0DD465110410AEC6371D999EC5E86A96208AC238468BF3F1AB8496002F78ADA86005ED37CF0D9CDA7990125AA212DD20F399B6F91CC35409C3A326DCA6C8D08FEF2D579A50BA0DE3787485BABB21A5DC49BBA0F44B6C07936AEB28FECD4D9E8B6D32B9779A58FA5D5E719CFF3CB4B75D28F99F70B579180BAFA43BDD4EAD2174E5839DFC4655FEB4F121E284B68E17548899EE74A4F6D235B4118F74610D8A3BC78594C9A382913618AEC39DECD8458F1A1FB8AE93155075E01662A6569909C6353218F08FE25871644D29F2DDCCCCC0EA15CEBED215CD069A24EBC8F5BF8C5EE24251DBEB7050459BF16D4C60BB102D0C1E8067C2BB0DC2F4057A9E2975F633F0F7433BB5D216F60604E913B013BCD89033B4B584717B8BCA96EAB887A59C695701EB1DC14AC9772EEE31E97EC5FF19EFD24CAB8EF75709BE47A7B6EA1DC62CF8B87EEF3978F2031A18DF5DDCCA0E2142E4600E760EF9A8669B1D7053CAA51C7C735BF9315E9AAA17506B552058184310D9CF12FD33EA44582FEE978B7BD939903FFD0E4B91356A2B9DB5482E676A316219D9735D8FAFE1FE6E7C250F17BF5E2D1F37FF585F8C7F40181E8FAE03CDACE8EDC10DFA1985CBC5F9FDF87BCE77D73F8EAF64E8AB6C82611ABACEF81BE6B7E78F7B0FD8D0C0D6FCF8A37435FE5D466BFC5A58066A713ABA8ACF9F8F95FC8E9B1BB5E7170BB5E73F7F3E512C8FDAF38B85D2E3D9EC7E0C607506B782B6EBE32B87EB08FD55045A20D7D5B201B6AF9D80F7C046FEFB63FCFD9B89B7B495A951EB815C46AD55F19E5DA545E530AFE3208F17BA0A9EC2C7D5F76F2FD00BF77BE8239FE871FCB92ED23AFEF4C7F08FB6C18374F4F39F70FCE3E65C8D810BED41F0FD1B7C741EBF7FF3DD3836B16B7E81BCF69D819E5A78E807243CBDF3B7A4DBD95D59E3CF94D5A319F731BBC0117DFF36BE0D85BFA7B0FD969DF442F74B2CBF0B8C9F35BEC8D5D9273419B4E0853B77FC59BC0771FC47180DBD05293D4C1EE033DEDC911D29C5E3C6074BBDDA541D32B2EBD4E106CEC3D5EDF81BCA06F7AD0DE8E9BA033BD0E5BD7CF0622D2B18DB91BB3772BC8D2A67647BF73A04CE23D6A1FDFA58864102D09A212A107F83DBC57E8F53E16B223011E8BD515889B828225DC01CD58249E94AE43BC9D3495D883C08FBA88E339E494190717B4D60E43372A8F991470B64191CD30157C4557028457A877475DD9D93AF723A109AEE1A72804D0F76E09717D138BC32A3433EBB31C3098BAEDFB092E4093707406676E1E487A93C449EDE214D9DA67118546E0752791CC18194191DF2B997C749E7C91DB2D5AB9F13AF7244A6A3321255DE7C967F6EA14898CF1ABECB30BF01FB3DB27DC4771A8A9489957FA461F983A5FE11033FC798D9B1E05B0655692B4DE8E58E0629939BDFB8BE74A3385981046C01B6BE4BC7E71EA34D62430397BA68ABC77A3975B397CF9717FDC4DF546001EAE6BB4435C21B0559E560550CE2F30D9CE8047F230378206A3EEC5B865EEA075C327BF9B7132B7FF909D0F20C75BC508CC60589496015F64E0027B484B2888D552672E591AB503612B02130AE0D87FF820109C8E7CA23539F372041A90C79BCFAD23E0956A76A8C99938641C36D38B6A191DF2D20D1C8741E6D3E63E6296B09669C29601639AC6551B13B841BD4D3023523C99BA2368CC63E24BF59407562F39710BAF0AACF11B07855861A9EA868EAA5623E54C001D2D9AAD8F5470C78E03A4F15B5FCBA018F59E6A8210A6C6795AA86447CD5808523B2D430F3F5150B97A7AA21F1C6B24E55432ABE3E209C191AB652E9DDFFBEB6AD5CB0F5346CC5B24EDBA835C93735747D098A6CE7E6AF197477D94ADC658258AD77EBB27CF1ABDB534269891E6A901BDBD5222EF5F1488A66870EF727E1E81C794436A69FC464F314CA19B2AE749E723023B0DC3ED11D830DF212A3B051B2A92D8B0D51B231859F1768C3C011FE2400FE2D2F5D06EF9308659A0ACA266431364A33A90CBC2731CA341514B61C798A82EB5F06CD537E7F99A888B310C02C94FA963CAAA73A99CC90C72BE3DA49A8324D1EA50E75A7066E95AA503F22FE9DAA1E912E8F86A73311E24E0232594A3DC004B233DDC0E4BEC7E297886117410997BEEF649B1B76A2754DB51C9C84E596056A33E42BDE900B1DB3219DBC26AC323C9D042AD30E663014C708BA9D2F1697E8EC26C1A6C62C82D6C9B61486BF7760D411E80C529DA184875B4550AE3259194B58B63AE3FF7281890FA374C79F405662F009A59A5AB2883A275B5118BFDE86418492933844B23C16FE51048B534BDA3A591EAB0E0727A1EA5485F15BDDF4A4066FC3FDCF36A43AE09BB2E455AA3212FB4EA85295913642A48DD2BC6462B2A9C9C9E4C9A3B2A1D7242A9BA750EB22C29AAA73917630D6833889D63522CD1012B6A44DB8A961CBB86AB261C531DA5D28FCE4AD530FA78BB2937EEDDE1149CB748C58AEA935ABB868B2311BA2AC3BFBD611F4AD1A4A1DC54C01D5C907D3BBE41D0CDD3E6EC190E8E956E9F13786A968646A0B92CC789F0D4D320E990423D3C7752A1B57474C8C32B54A62F20E66AC1757857487B9585C6284370936FBAC797432EDB48A229DDBBB88DBF3B25477BBD6B4FC5A49368B15A6C4B3147904321098C421D35576DD8FD94DF76315F9FA7E3409D274DFBA0D290FC62051F214853DB52C5097DA47CB521410988B194BE1858CC6BECD036CA9CECD9314FAA30E9FA57AA54E56D8BF63BA76A5D4B32B76DB4FE9AA8BC5E8B694745B8C6E4B4DF729237DAA229DC59992E25982BC7C16774A395C374AF2591C2AB5BDBF5092CFE252E9F22BB55E16A74A975FED92137B3AA174324184B172F3284F96C7622258493C264B616C9571AAD4002B135571D8615E26AAEDD1B3D33C4F52C310ECF12B95A321DA95C46C78A49F8E936E1D4AF5E02359D9E31E3A5761641721ABD4B02ED254514E44306AB3541071CA9C2972F92A5E41115C4A3B0545A24229EBE051AA7075B282DF84634A29870927288CBE325E941A6F65A2828F51C78352AE469DACE2CD96119FB4435BA61ECC22238B28D05D62888425161862B1C6EE6516806A2BBF22DA93042892546E4197B19CF415E832F5603AB38CEFD0EDCF0679892E6D941C7F7992856552E6E38A8BCF69931F700F8D8351DFD11BE28250533C247509A4E119A592F2FB4655A23C0E11DE482211C986E7171710C53E52692F52AADF554054118CD4CD5ECB4527E58FE06FC3842FAE8323936EDEACDFBD239C7F94FDB9F45C88AFB4944FDC80C07D82719207624FFF72F423C3837B389CB4B33876A85DF216625ABABF8C73C5BAB8893B03C6F5A808F21992EBF1C2609747E1D6585AECAF3D812872D7ACF2FA3043D48FA1F9D2285113AFAB069480E555B75E2C6D093EB44EB2436BE26B501FB547C349DFF2F10CAE72483D085A7566FAC054A9E3CC769E1D556762515CA90C403FA6D46D187A5AC5E16853F591680E555D9C412CAA882FB50F18F9C9863E3843981D8ECCB4E7EB4265446A32956A9885F7E20D0D5EF0112288F8CF51F7E52A1AB07505113366A93A4731B2DC57B67507B6887C53174BCCADA961FC49A6CD4E7165DE4D8DB1300417E660B3A5A6BAD4ED289AC9521F65D3DB0DA77928F551FA97846191EC05B3E88B22E080D485A2291E3526234BF8A801C1D33FEAD686896FE9DDCA42F2C6C35AE470CC8D3AB07D791D356DA65972C5F7F44778109A3971408F4614D6618ECC70B046167015EA4E3C8E8A50C3460988090F71B1C085559863031CC591E50800751B1DFFA0F8FD748158FA3EED41C9B0F3759B6D2DAE3EDDE2B1547C3D7136BD278D90484F174DCC93A75D478A066FE09DC1A6E00693B47383197596556EE8B6E2E30DCC52B90DDA5035ACEEC0E488D8066EEFC65BFFA679CF066B7701AD9986B330D89609CF61A67F08D56FBB5CCC6736F07812DDB137C921368A0B630DB14C5FF7062048BF7431784E2FED6DC59AB24B17E282F9D2B9CEA0260915B4770908BA2D6D0CC5634541F7926459DABDC2726169EF74F4EEDD55EF235BAB7719ACFE6538ED8B40B04869587E82534A439A6098D29026F8A6B44ADE47BAE6A2D210E698A99C4E662A350542A62AED2146135169D497A1A5D240A048AA86DBD5ECB5A3C943B6125CE9367F2B7F559F5D6C113D95F6CB81629FEA87D2FF2A4D237794BE2740514369178C657E4A133778D3980E041B94F6B0A2C99EB4FD0A96CB49DBCA30544DC39DBAF2B7DE4DF0298DE2E853144ABA2DCD32240DBCC212DE48374D4A344AEB133C44DADB25C36DBAF487A12E07689FEEB67200F528DA109B1B1C834F4FABC2F2F9F01C177471AACBEEE50BA062E5A9B570843DF94D74E4936CF1D95D5ED0B1E97C5A74EAB2FE7493FEB428AD88833A3476100389346459DDC812A4412274638C4222E5E267BB0BD3493F2452D69F9A48848A32BA31A5498B441AEA7C0945EDAC4642F82CF4A4135981F148A48578A05B5727279248439ED70DDE4A982402C639DDB0125C4A22F02233161B7509A6253E80683EBB4F03BC36CC7FA1979CBBAB21E6083380367EE7D5A0E53378E956BE9150D5C812958FB09B12C87CA0B528C0D3180FD2E25E50C66F975D2346AE8EBF85CE55709726FB3459A0E59BBFF5280AC5F9AC5D7F46274597797E97BDB5E321AA808AE9E2E5F45D709EBA9E5395FB5270E7A00102BF560BBF0D95CA4AB0FFB67BAB906EC34012A868BE15DCC3007B7D1BE8EF3D6C12EF020BBC409DB2A1E17B0D77C07E5B176160CD20DD1D4137FB7CE5825D04FCB8C0A8E5D14F34861DFFF5E7FF0266BF3ED22BAE0000, '6.1.3-40302'),
	('201906032215192_v2', 'ParcProject.Migrations.Configuration', _binary 0x1F8B0800000000000400DD5DDB72E3B8117D4F55FE41A5E7596B6C576A3753F26EC9929DF5647C2953E3AD3CB9280A9699E145CB8B77FC49F30D79C8C37C507E2100AFB891448324E4A4E661AC06FB3408349A8D4BA3FFF3AF7FCF7FF9EA7B931714C56E189C4D8F8FDE4F272870C2AD1BECCEA669F2F4C34FD35F7EFEF39FE6175BFFEBE4A17CEE943C873983F86CFA9C24FB0FB359EC3C23DF8E8F7CD789C2387C4A8E9CD09FD9DB7076F2FEFD5F67C7C7338421A6186B3299DFA741E2FA28FB817F2EC3C041FB24B5BDEB708BBCB8A0E3122B439DDCD83E8AF7B683CEA67776E4DC45E13F91931CE54F4F270BCFB5714D2CE43D4D27761084899DE07A7EF81C232B89C26067ED31C1F6D6AF7B849F7BB2BD1815F5FF503FAEFA2AEF4FC8ABCC6AC612CA49E324F48180C7A745DBCC7876AD169E566D875BEF02B772F24ADE3A6BC1B3E9224A5CC743B8C978611F965E441E9435F051C9F66E4215BEABD4016B0DF9F76EB24CBD248DD05980D224B23DFC78BAF15CE7EFE8751D7E41C159907A1E5D415C455CC6103009E3EF5194BCDEA3A7A2DA762EFF6A3B9DCC58F619CF5F718BACF9EB5D05C9E9C9747283AB626F3C546903D514561246E86F2840919DA0ED9D9D2428C29D79B545597B0A95908B243F4AA1580BF1809A4EAEEDAF9F50B04B9ECFA6F8CFE9E4D2FD8AB625A5A8C8E7C0C5E30F3325518A546585A62459B88D10D796EA8C46DA6413D9C1B66E11A54AEE486FBBCEA2415BDA99B161FA825F05573219FDE556B8151F57E8A514447EAF5D5F5D514E46AF62D188378B878145CD67B5415331738B04CBDDA489BABD13180F66F1700D1E6C2FD5B37934B331AB87859E7BA1F30538F2085F773D153062EC456C5DF22AB657C29D87A187EC408D1FCB46D18B26F32737F882B61AAC663E135890F51C468931694484114146AC6E35A24C7D666123026A186F2377E7067A4E60CE7B28BB18A29BD4DFA0886FC656B7710537A1B59CC6FE3E3EF949A9BFA1B6ACAEF4080A704E7C2360C7673C87EAF0CA9983F6A0DC0B1CF103980B34615FB167654E58D6FBF8D3FAE4DA78920EFAB4DF84AD530565A55DA1C4763DE8A4B5E03A94E23A76A4E3BB156CA6ADCE7239BA227DF9E3320A7D0362D6E34F867FDD1B79975FF706DE65110408ADC63724999CC5E86296761485718C67F3E3BF129E2CBC90C925C0263AAF9E1B6C6BC7428969896B748D8D69DAE68F0CF34A041E37E126C5667F7CBFBA9284E90E8AE3D105EA2E9F947C27ED8CCA9FB41D4AAAB5A6F83737792ED6D5405F3839C8213F7882A73DB45F5E08F99F70CA45188BCCC03B5D522D85BAF2ED1D785D3F673A94C26C4347C7432AD84CAB00167BE91A5AD5C7B28804E03274C16572DF61A4658A4FE10EA8C998E3506AEC6EB3EA42D5B86033353B4D08AE11D5203F8AFDCB9125A5D8CB33331EAB8F3DFFF1071A113C64EE22D7FF3C7A8D0B416D9FCA4105ADC7B73881E3223C8578B03D137E7010A62FC8F34C89739E6D7F3FB4FBAB6C6FAFED207DB29D844C4B4066B7663C94F5C5354D751CC992CFB41B41E48E60B3D4BB9A741CB497C97F87EAE04CB88E9F58311EA28B5BE50E63327CF27E8754A57C2708C5B717374085A238DFDA46D25BDE1ADA64DBEB8C70A58981B9CD82984C70E115D49A4D48A6D708ABD2B342FF8C3A2CEE16F7CBC53D7044E44C879BC210B93A73989CCFD424C632B2AA7B37BE84FBDBF1853C5CFC7AB57C5CFFE3EE62FC0DC9F0787419789C45AF0F6ED0CF445C2ECEEFC75FD5BEFDF4E3F842863E5D2751D3D0DD8EBF247F73FEB8F76C071958FC1F5F4B57E31FAFB4C67F0BCBC05B9C8E2EE2E3C7639017727D0D7B7EB1803DFFF1E309B03EB0E7170BD0E3D9E87E0C50B5CBB7428EEB93E38F7711FEAB0808C18EACE5D8C4BE7602DEDB0E76EA1FE3EFDF4C7CA5AD4C0CAC07721E58AB92B5BE4A0A64BBB063AB5064BA0A9EC2C7D5F76F2FC80BF77BE4639FE871FCB12E933AFEF027F08F8EC1ADFACCA91E7F433B1763E08C7D107CFF861EB78FDFBFF96E1C9B586DBFC05EFBCE404F2D3CFC03519EDEF96BD2EDECAEACF147CAEAD18CFB981D1189BE7F1BDF86A2DF53D47EAA4F79DAFB3906AF1E1396434D797556144D865378E1CE1D7F4C47A137FE80DEDB71FC47180DBD22AAAC990FE899AC2E0195B3E03A947ED6D35DA896AA4E9487D3D587AB9BF157BB0D2EAA1B90D375CC77A0F389B90E13292B143B91BB37B22F8F5FCEC86AF3A7D0DE3E1219DADFAF651824369EB44405E26F68B3D8EF09157D4D2406037FB10A9B111755642B98A35A28297D997C617B3AA92B9187A91FD591D83325083A96B1098C7E460D35DF8869812C23853AE08AB01201A5A0777057E7FB05FEAAA403A1E938A500D8F460077E79BA4EC02B0B3AF8B3A33E02B3ECDC10CF496FCD0B007461174EBEEF2B42E4F40E6E66AB4FC0604A3B90CADD1101A42CE8E0CFDD4C813B2777F0568E80C05E95C84C476524AAB2F92CBF97A220CC670D1758CCAFEDFD1EDB3EEA428B8232B1F2DB2C963F58F06B1EFC1C63E6C492DB1EAADA5692F0C71D2B29579A1F2ABF74A33859D989BDB189F55D6E7DE131D624363470298BB57ABC9753377BF97C795EB1F5D6091EA76EC54BFC6264C1227B4754D586BAE742609D903B456CCF8E9AB72097A197FA8140E60F367762E5DF40095A5E00C70BE56842709C025661F624705283A88AD8F8CA54A93A7215C24703360404B6E188973BD08062A93A3273F3030DCA14A8E3D5E10934584DD5D0999306A511163EDBD0E82B1D68349A2EA2CD67DC38E50DC24CB008DC5C87373010F3437943C318A26640758BD486D1D895F4750E4C5F365F12D18557DDD4C0E35505303C59D5E0B5E2EE701000D96228767DBF83085C974151CB8B1F44CCB204862831A1151586445DF8C0C3514530CC7CB6C5C3E554189268336B2A0CA9B898413A32344C26C80538AC892BA76FC3D8B762AEA76DDB9AF89BDABB3EA8453777F30D0FDD3DB792F79C242AED603D97CF887B76981444A1A31AF8C6F6BFA8F3872212D008B1771FD0706C893A227FC1018DC99701EA19F2FE754E79338A582EADF454C5061805656CE46C6AD262CD946E53E9250B6D18E49E031A80FC56E72EAF30A0114A1A04651DF2186BD0802AAF1FA0314A1A0485AF474E014C0BCAAB039839414904E22C24300B50DFD2C709984EA60BD4F1CAE87E1AAAA4A9A3D401FF8CE25654C0FB51B70030AF47D1D5D1C8A8A602FD6940AE08D4035C383FD70D5CE92126C65424BF0C4A3A2D3E90896E58ACEE69B1D550150CB82A509B3D5F89F65CEAAD0DE9F9356195D1F93450497B333A516C38F4D401398A429F373136B56911AC4F37A934ECBF03A38EBCE790EA02101E691C49BD4A32184B5AB7BAE0FF720E4A76AF7AAAA104424107A55C4D0D5A84D9D38D290DD86FC3A062E7691C8AAC8E457E14D1F1CCACB726AB63D5F1EF34544D05A871754495D1E18683AB6D4875843B63D72B2A1889FF42545430D25A8AB4060D4F2E089D19A35C993A2A1F6B4EA3F26580B72E42CA99772E686FC688503BD83D6D493392824969636E6ADF32829C6E5F79347A178A38866BEADBE9A9ECA040DF4E9281A8F48F9CAFA951ABD06FBA4D1B02C93BBB782BE962184A1DA8CD00D5E437D3C9F4498E9E5DDD02A5D0E1ADDCE32F283391D6CC9A255D709815503AC69A06A3E9E33A9C8D13282EFE9A994871656F46E58B73473DB55D8EA2A0E84D8CCDFE6C1E72CD3AB4B2F0EDF69E1216C92CE8F2D81DCB7F07E2CD02A019F68CA28E404737D338341DB25A7FCC2FD61F43F8EB33D73448D319EE36A43CC28446C9298045B82CFA985978CB280004EE94C7527ABAA3B16FF3A861A6737312A03FEA9860A6576A3260C18FEBDA15A86757FC3A21E8DC8CC5C9B640B22D4EB605937DCA719F42B8B3E0599A3D23A8F367C1B48CFB750DE2CF826B99FD8005883F0BB665EB0F6ABD2CF896AD3FECC414BF9D01DACAA0627385719493D5B1B8B05C1A8F2B02E856197CCB28584984E2F06A5E12618BFAFC30CF49300CC9A600A81E0D21BC3466C323FD649C74CB00BD87189ECBEF0FB1A500CD2EE27019B52E68509413190C6C944AC268B94D48A11CE2151411B3AC53501001B5AC236299CAD56480DF4402651987891000DA5706C132FA5612013E461DE4CAB81A3519E2CD9661ACAC435B52DFCC5C238B52E839D3906128CC33E46C8DBDCC4D0761F3C0227695062848EA1879642A0D91532067B3CBB053F66076497D335A51069FF4548C061805DD68E41C7FBA93858E32E6E84A88216AE31F70854E8081AF170E7142A92966933985D2F00CA8A6E272544554C7A1423069248A6C789809415BFC2395F48252FDAE82B68A80A9EE54C4420455FE08B940277C71B7247AEAFAD5FADD3B22E547D99F4BCF45E44C4DF9C4B51DB84F284EF260F1E95F8E7EE4B219BF9DCCC2B338DE326BF02DE985D9FE329EE3D7254DDC19D4AE9703221F21B91C2F0C7679A4708DA595B5B727109394377B797D9821DE8FCBBDA651A3A67CBC1A5092ECBCBAEFC5678F211BE449B6414E5D99F55E5B1B4EFAD64FCCBCAB86D423B1AECE481F38B7ED38A35D4C67AB33B098E4B61C40BFD4B69B30F4B4AA23E4B9D5476293DEEAE20C625165096EFB80D1D74AF4C119C2EC08D9677B7E2E201AA9995A56C32C1C2AB56BF0427626ED48BCC1BB6F92A8015B5712B963367FEA284656B8985C57B165195175B1E4094F358C3F9DFEB4931D9C0C5543178648493AD868A9338EEA76149B50541F65DDDB0D67D381EAA3F4AF0997CCB317CCA22F8A2415A72E149B69536330F279373520C42C9CBA6FC305D8F46E65690ECDB735C9111268EAC0F64DAFA96933CD66B53CA43F2282B0292B07F468649124E6F2460ED6C892B490BA034FC8FAA861A3243920DFE2644108E130976A71144756C8AEA8DBE8E407933C511788CF8DA8AD945CEAC36EB3AD950851B77A7C9EC39E38EBDE83469AA550174D9E8450FB1D991C8303AF0C36455098CCE2379851E793F40DDD56623483D95C788336540DABAB984226BB81DBBB3198C074AAB8C1DA5D92094EC359186CC9444CFBA6BF09D56FB95C9E026E607D929DD93799686D1417C61A629A7ED71B80CA8CA68B21263ED35E56ACF39AE9425C70B7B1EB28359D75427B9580CA49A68D01DC5694742F9D514CBB57F88461DA2B1DBD7B77D57BCBD6EA5D07AB7F1D4EFB2250A9B6342C3F95784B839B4AC3A5C14D25E5D2AA791FEE3A619706B390BE6BDB99BE0B26409ACE4B5BC5D86C5D1AEFCBE5EED2406032790DB7AAD96B4553846CCD02A6DBFCAD49BEFAAC62CB7278697F1C98145DFD50FA1FA5694CB0A5EF0930F9B3B42BC6A7C74A133778D5180E54CA2C6DB562336269FB157CC22B6D2BC3E5B31A6ED7553C3E6F22CDD4288E3E93594AB7A5E9C451BA187C5EA8816769D253EDA6932F8DD28354BE25ED2597E1166EFAC330070CB477885B731DF5A8DA100B2442A6A29E9689CF5B24E6F260AB531D982F3F2255F6A15A8A9098283FCD8EFD9A0DD9FFCB2B3A76DAA21699BAD98DBA931BB508AD12247548EC48802493901575232B244792A11BCB9C24132E7FB6BB329D699664C2FAA76092A1E2826E4CE5E44C320975B982A0F6EC4D52F82C7CA5131990D94926857AA05B5667EE279984BCAC1BBC3531940C989474C32AE48C92811785B1DCA82B6494128390E6B3FB3420F3CBFC17FEC8B9BB1A628E3103E4906F5E0D5A3E43A67FE51709BF1A5DA3F2117E61039B0F3C9FB5C930264A5A9C2DCAF2F8654791B1ABE36FD0F62AB84D937D9A2CF014D0DF784CAAC8F9AC5D7E96368BADF3FC36FB6AC743BC02AEA64BA6E4B7C179EA7ADBAADE9792730B0D10E4B35AF86DB8565642FCB7DD6B857413068A4045F3ADD01E05C4EB5B237FEF1193781B58F60BD2A91B56DF4F68673BAF7745285933487747B0CD3E5FB9F62EB2FDB8C0A8F9F14FACC35BFFEBCFFF05190D3B6E3CB00000, '6.2.0-61023'),
	('201906070216175_v3', 'ParcProject.Migrations.Configuration', _binary 0x1F8B0800000000000400DD5DDB72E3B8117D4F55FE41A5E7596B6C576A3753F26EC9929DF5647C2953E3AD3CB9280A9699E145CB8B77FC49F30D79C8C37C507E2100AFB891448324E4A4E661AC06FB3408349A8D4BA3FFF3AF7FCF7FF9EA7B931714C56E189C4D8F8FDE4F272870C2AD1BECCEA669F2F4C34FD35F7EFEF39FE6175BFFEBE4A17CEE943C873983F86CFA9C24FB0FB359EC3C23DF8E8F7CD789C2387C4A8E9CD09FD9DB7076F2FEFD5F67C7C7338421A6186B3299DFA741E2FA28FB817F2EC3C041FB24B5BDEB708BBCB8A0E3122B439DDCD83E8AF7B683CEA67776E4DC45E13F91931CE54F4F270BCFB5714D2CE43D4D27761084899DE07A7EF81C232B89C26067ED31C1F6D6AF7B849F7BB2BD1815F5FF503FAEFA2AEF4FC8ABCC6AC612CA49E324F48180C7A745DBCC7876AD169E566D875BEF02B772F24ADE3A6BC1B3E9224A5CC743B8C978611F965E441E9435F051C9F66E4215BEABD4016B0DF9F76EB24CBD248DD05980D224B23DFC78BAF15CE7EFE8751D7E41C159907A1E5D415C455CC6103009E3EF5194BCDEA3A7A2DA762EFF6A3B9DCC58F619CF5F718BACF9EB5D05C9E9C9747283AB626F3C546903D514561246E86F2840919DA0ED9D9D2428C29D79B545597B0A95908B243F4AA1580BF1809A4EAEEDAF9F50B04B9ECFA6F8CFE9E4D2FD8AB625A5A8C8E7C0C5E30F3325518A546585A62459B88D10D796EA8C46DA6413D9C1B66E11A54AEE486FBBCEA2415BDA99B161FA825F05573219FDE556B8151F57E8A514447EAF5D5F5D514E46AF62D188378B878145CD67B5415331738B04CBDDA489AEBDABF90F66F8700D1E6C2FD5337D34B331E387859E7BA1F3053800095F773D153062EC4C6C5DF22AB657C29D87A187EC408D1FCB46D18B26F32737F882B61AAC66BE165890F51C4689316944841141468C6F35A24C7D6D6123026A1F6F2377E7067AB631E73D945D0CD14DEA6F50C43763ABF7B8829BD05A4E637F1F9FFCA4D4DF505B56577A040538272E12B0E3339E437578E5D3417B50EE0C8EF801CC059AB0AFD8C132272CEB7DFC697D726D3C57077DDA6FC2D61983B2D2AE5062BB1ED4972BB80EA5B88E1DE9F86E059B69ABB35C8EAE485FFEB88C42DF8098F5F873E25FF746DEE5D7BD817759040142ABF10D49266731BA98A51D45611CE349FDF8AF84270B2F648E09B089CEABE706DBDAB150625AE21A5D63639AB6F923C3BC1281C74DB849B1D91FDFAFAE2461BA83E2787481BAAB2825DF493BA3F2276D87926AC929FECD4D9E8BE535D0174E0E72C80F9EE0690FED971742FE279C7211C62233F04E97544BA1AE7C7B075EEECA990EA530DBD0D1F1900A36536E3D1677E91A5AD4C7B28804E02A74C16572DB61A4E5894FE10EA8C198E350EAEB6EB3EA42D5B76033A5BE09C135A21AE447B17D39B2A4147B7766C663F591E73FFA40C38F87CC5DE4FA9F47AF7121A8ED1339A8A0F5F81627705C84A70E0FB667C2FF0DC2F405799E2971CEB3EDEF87767B95EDEDB51DA44FB69390E908C8ECD68C87B2BEB8A6A98E0359F299F62089DC116C967A57938E83F632F9EF501D9C09D7F10F2BC6437471ABDC614C864FDEEF90AA94EF00A1F8F6E206A85014E75BDB407ACB5B429B6C5B9D11AE343130B7491093892DBC825AB309C9B41A61557A56E89F5187C5DDE27EB9B8078E889CE97053182257670E93F3999AC458465673EFC697707F3BBE90878B5FAF968FEB7FDC5D8CBF11191E8F2E038FB3E8F5C10DFA9988CBC5F9FDF8ABD9B79F7E1C5FC8D087EB246A1ABADBF197E26FCE1FF79EED20038BFEE36BE96AFCD395D6F86F6119788BD3D1457CFC780CF242AEAF61CF2F16B0E73F7E3C01D607F6FC62017A3C1BDD8F01AA76F756C8717D72ECF12EC27F15F120D891B51C9BD8D74EC07BDBC14EFD63FCFD9B89AFB4958981F540CE036B55B2D65749816C13766C118A4C57C153F8B8FAFEED0579E17E8F7CEC133D8E3FD66552C71FFE04FED131B8459F39D5E36F64E7620C1CB10F82EFDFD0E3F6F1FB37DF8D6313ABED17D86BDF19E8A985877F20CAD33B7F4DBA9DDD9535FE48593D9A711FB3A321D1F76FE3DB50F47B8ADA4FF3294F7B3FC7E0D563C272A829AFCE8AA2C9ED662FDCB9E38FE928F4C61FD07B3B8EFF08A3A157449535F3013D93D525A072165C87D2CF7ABA0BD552D589F270BAFA707533FE6AB7C145750372BA8EF70E742E31D761226585622772F746F6E5F1CB19596DFE14DADB472243FBFBB50C83C4C69396A840FC0D6D16FB3DA1A2AF89C460E02F566133E2A28A6C0573540B25A52F932F6C4F277525F228F5A33A107BA6044187323681D1CFA8A1E61B312D90658450075C114E22A014F40EEEEA5CBFC05F957420341DA314009B1EECC02F4FD509786541077F76D44760969D1BE239E9AD7901802EECC2C9F77D45889CDEC1CD6CF509184C690752B93B228094051DFCB99B2970E7E40EDECA1110D8AB1299E9A88C4455369FE5D7521484F9ACE1FE8AF9B5BDDF63DB47DD67515026567E99C5F2070B7ECB839F63CC9C5872D94355DB4A12FEB86325E54AF3C3E4976E14272B3BB13736B1BECBAD2F3CC69AC486062E65B1568FF772EA662F9F2FCF2BB65E3AC1E3D4AD78895F8C2C5864EF88AADA50D75C08AC1372A588EDD951F316E432F4523F10C8FC81E64EACFC1B2841CB0BE078A11C4D088A53C02ACC9E044E6A1055111B5F992A5547AE42F768C08640C0361CF16E071A502C5547662E7EA041990275BC3A2C8106ABA91A3A73D2A034C2C2671B1A7DA3038D46D345B4F98C1BA7BC41980916819BEBF00606627E286F681843D40CA86E91DA301ABB92BEC681E9CBE6CB21BAF0AA1B1A78BCAA008627AB1ABC56DCDD0D02205B0CC5AEEF751081EB32286A79E183885996C0102526B4A2C290A88B1E7838AA088699CFB678B89C0A43126D664D852115173248478686C904B900873571E5F46D18FB56CCF5B46D5B137F537BD707B5E8E66EBED9A1BBE756F29E9344A31DACE7F21971CF0E938228745403DFD8FE1775FE5044021A21F6CE031A8E2D5147E42F36A031F932403D43DEBFCE296F4611CBA5959EAAD800A3A08C8D9C4D4D5AAC99D26D2ABD5CA10D83DC6F400390DFEADCE5D50534424983A0AC431E630D1A50E5B50334464983A0F0F5C82980694179650033272889409C85046601EA5BFA3801D3C974813A5E19D54F43953475943AD09F51DC8A0A783F2AFA9F793D8AAE8E46463515E04F037245A01EE0C2F8B96EE04A0F3131A622F86550D269F1814C74C362754F8BAD86AA60C05581DAECF94AB4E7526F6D48CFAF09AB8CCAA7814ADA9BD18962C3A1A70EC85114FABC89B1A94D8B207DBA49A5E1FE1D1875E43D87541780F048E348EA5592C158D2BAD505FF977350B27BD5530D25100A3A28E56A6AD022CC9E6E4C69C07E1B06153B4FE35064752CF2A3888E6766BD35591DAB8E7FA7A16A2A408DAB23AA8C0E371C5C6D43AA23DC19BB5E51C148FC17A2A28291D652A43568787241E8CC18E5CAD451F958731A952F03BC751152CEBC73417B334684DAC1EE694B9A91144C4A1B7353FB9611E474FBCAA3D1BB50C4315C53DF4E4F650705FA76920C44A57FE47C4D8D5A857ED36DDA1048DED9C55B4917C350EA406D06A826BF994EA64F72F4ECEA1628850E6FE51E7F419989B466D62CE982C3AC80D231D634184D1FD7E16C9C4071F1D7CC448A2B7B332A5F9C3BEAA9ED721405456F626CF667F3906BD6A195856FB7F794B048664197C7EE58FE3B106F1600CDB0671475043ABA99C6A1E990D5FA637EB1FE18C25F9FB9A6419ACE70B721E51126344A4E012CC265D1C7CCC25B46012070A73C96D2D31D8D7D9B470D339D9B9300FD51C70433BD5293010B7E5CD7AE403DBBE2D70941E7662C4EB605926D71B22D98EC538EFB14C29D05CFD2EC19419D3F0BA665DCAF6B107F165CCBEC072C40FC59B02D5B7F50EB65C1B76CFD6127A6F8ED0CD05606159B2B8CA39CAC8EC585E5D2785C1140B7CAE05B46C14A22148757F392085BD4E787794E826148360540F56808E1A5311B1EE927E3A45B06E83DC4F05C7E7F882D0568761187CBA8754183A29CC86060A3541246CB6D420AE510AFA08898659D828208A8651D11CB54AE2603FC261228CB384C8400D0BE320896D1B79208F031EA2057C6D5A8C9106FB60C63651DDA92FA66E61A599442CF99860C43619E21676BEC656E3A089B0716B1AB34404152C7C8235369889C02399B5D869DB207B34BEA9BD18A32F8A4A76234C028E84623E7F8D39D2C7494314757420C511BFF802B74020C7CBD7088134A4D319BCC2994866740351597A32AA23A0E158249235164C3C34C08DAE21FA9A41794EA7715B455044C7567221622A8F247C8053AE18BBB25D153D7AFD6EFDE11293FCAFE5C7A2E22676ACA27AEEDC07D427192078B4FFF72F42397CCF8ED24169EC5F19659836FC92ECCF697F114BF2E69E2CEA076BDDC0FF908C9E57861B0CB23856B2CADA4BD3D81989CBCD9CBEBC30CF17E5CCE358D1A35A5E3D5809224E7D57D2F3E6B0CD9204FB20D72EACAACF7DADA70D2B77E62E25D35A41E79757546FAC0396DC719ED621A5B9D81C524B5E500FAA5B4DD84A1A7551D21BFAD3E129BEC561767108B2A4B6CDB078CBE56A20FCE106647C83ADBF37301D148CD94B21A66E150295D8317B2336947E20DDE7D93430DD8BA92C81DB379534731B2C2C5E4BA8A2DCB84AA8B254F74AA61FCE9B4A79DECE024A81ABA30442AD2C1464B9D6954B7A3D844A2FA28EBDE6E389B06541FA57F4DB8249EBD60167D5124293875A1D80C9B1A8391CFB7A9012166DFD47D1B2EC0A6772B4B7367BEAD498E90385307B66F5A4D4D9B69369BE521FD1111844D5539A047238B2431972F7214774692225277100A192035EC95241FE45B9C3808E11CE6D22E8EA20542A645DD46273F98448ABA407C9E446DA5E4D220769B70ADA488BAD5E3731EF6C459F71E34D28C85BA68F28484DAEFC8E41B1C7895B0299AC26446BFC1BEA27CC2BEA1DB4A8C6C309B176FD086AA61751553C86A37707B370616984E1B3758BB4BB2C269380B832D9F8829E0F437A4FA2D9DCBD3C10DAC4FB2F3FB2693AE8DE2C258434CD9EF7A035059D27431C42468DA4B8C758E335D880BEE66761DA5A6335068AF1850F9C9B431805B8C92EEA5B38B69F70A9F3C4C7BD5A377EFAE7A6FDF5ABDEB60F5AFC3695F042AED9686E5A7927069705329B934B8A9045D5A35EFC35D27EFD2601652796D3B5379C10448537B69AB189BB94BE37DB93C5E1A084C56AFE156387BAD6E8A90AD19C1749BBF35E1579F156D593E2FED8F0393AEAB1F4AFF63358DC9B6F43D0126979676C5F8545969E206AF1AC3814A9FA5AD566C762C6DBF824F7EA56D65B8DC56C3EDC08A47E94DA49C1AC5D167B24CE9B6349D444A1783CF1135F02C4D7AC2DD7422A6517A90CABDA4BDE432DCC24D7F18E6B081F66E716BDEA31E551B628144C85AD4D332F1398CC4BC1E6C75AAC3F3E547A4CA44544B119214E527DBB15FB3217B817945C74E61D4225337D35177A2A316A155B2A40E891DC9906412B2A26E64854449327463599464C2E5CF7657A633E5924C58FF744C32545CD08DA99CA84926A12E5710D49EC9490A9F85B2742203B23CC9A4500F74CBEACC03259390977583B72689920193926E5885FC5132F0A230961B7585EC526240D27C769F06647E99FFC21F39775743CC3166801CF2CDAB41CB67C8F4AFFC22E157A36B543EC22F6C60F381E7B33619C644498B7346594EBFEC58327675FC0DDA5E05B769B24F93059E02FA1B8F491B399FB5CBCF5268B1759EDF665FED788857C0D574C994FC36384F5D6F5BD5FB52726EA101827C560BBF0DD7CA4A88FFB67BAD906EC24011A868BE15DAA380787D6BE4EF3D62126F03CB7E413A75C3EAFB09ED6CE7F5AE082B6B06E9EE08B6D9E72BD7DE45B61F1718353FFE897578EB7FFDF9BF657A222A47B00000, '6.2.0-61023');
/*!40000 ALTER TABLE `__migrationhistory` ENABLE KEYS */;

/*!40101 SET SQL_MODE=IFNULL(@OLD_SQL_MODE, '') */;
/*!40014 SET FOREIGN_KEY_CHECKS=IF(@OLD_FOREIGN_KEY_CHECKS IS NULL, 1, @OLD_FOREIGN_KEY_CHECKS) */;
/*!40101 SET CHARACTER_SET_CLIENT=@OLD_CHARACTER_SET_CLIENT */;
